woman,district,age,urban,uso,ch
1,1,18.44,Y,0,Y
2,1,-5.5599,Y,0,N
3,1,1.44,Y,0,Y
4,1,8.44,Y,0,Y
5,1,-13.559,Y,0,N
6,1,-11.56,Y,0,N
7,1,18.44,Y,0,Y
8,1,-3.5599,Y,0,Y
9,1,-5.5599,Y,0,Y
10,1,1.44,Y,0,Y
11,1,-11.56,Y,1,N
12,1,-2.5599,Y,0,N
13,1,-4.5599,Y,0,Y
14,1,5.44,Y,0,Y
15,1,-0.5599,Y,0,Y
16,1,4.44,Y,1,Y
17,1,-5.5599,Y,0,N
18,1,-0.5599,Y,1,Y
19,1,-6.5599,Y,1,Y
20,1,-3.56,Y,0,Y
21,1,-4.5599,Y,0,N
22,1,-9.5599,Y,0,N
23,1,2.44,Y,0,Y
24,1,2.44,Y,1,Y
25,1,-4.5599,Y,1,Y
26,1,14.44,Y,0,Y
27,1,-6.5599,Y,1,N
28,1,-3.5599,Y,1,Y
29,1,-5.5599,Y,1,Y
30,1,-1.5599,Y,1,Y
31,1,-6.5599,Y,0,Y
32,1,-2.5599,Y,1,Y
33,1,-7.5599,Y,0,Y
34,1,9.44,Y,0,N
35,1,8.44,Y,0,Y
36,1,14.44,Y,0,Y
37,1,8.44,Y,1,Y
38,1,6.44,Y,0,Y
39,1,-3.56,Y,0,Y
40,1,-5.5599,Y,1,Y
41,1,14.44,Y,0,Y
42,1,2.44,Y,0,Y
43,1,-10.559,Y,0,Y
44,1,5.44,Y,0,Y
45,1,-7.5599,Y,1,Y
46,1,-4.5599,Y,1,Y
47,1,-1.5599,Y,1,Y
48,1,-11.559,Y,0,Y
49,1,1.44,Y,1,Y
50,1,11.44,Y,1,Y
51,1,-12.559,Y,0,N
52,1,-2.5599,Y,1,Y
53,1,-3.5599,Y,0,N
54,1,-4.5599,Y,1,N
55,1,-7.5599,Y,1,Y
56,1,8.44,Y,1,Y
57,1,-5.5599,Y,1,Y
58,1,7.44,Y,0,Y
59,1,-6.5599,Y,0,Y
60,1,-11.56,Y,0,N
61,1,15.44,Y,0,Y
62,1,-4.5599,Y,0,Y
63,1,-3.56,Y,0,Y
64,1,11.44,N,0,Y
65,1,-4.5599,N,0,Y
66,1,10.44,N,0,Y
67,1,4.44,N,0,Y
68,1,-3.5599,N,0,Y
69,1,-12.559,N,0,N
70,1,-7.5599,N,0,Y
71,1,-13.559,N,0,N
72,1,3.44,N,0,Y
73,1,19.44,N,0,Y
74,1,-7.5599,N,0,Y
75,1,1.44,N,0,Y
76,1,-4.5599,N,0,N
77,1,-7.5599,N,0,N
78,1,-1.5599,N,0,Y
79,1,2.44,N,0,Y
80,1,8.44,N,0,Y
81,1,8.44,N,0,Y
82,1,-9.5599,N,0,N
83,1,8.44,N,1,Y
84,1,7.44,N,0,Y
85,1,5.44,N,0,Y
86,1,2.44,N,1,Y
87,1,-4.5599,N,0,N
88,1,0.44,N,0,Y
89,1,11.44,N,0,Y
90,1,-3.5599,N,1,Y
91,1,5.44,N,0,N
92,1,-1.5599,N,0,Y
93,1,-7.5599,N,0,Y
94,1,5.44,N,1,Y
95,1,6.44,N,0,Y
96,1,0.44,N,1,Y
97,1,10.44,N,1,Y
98,1,7.44,N,1,Y
99,1,-11.559,N,0,Y
100,1,10.44,N,0,Y
101,1,2.44,N,0,Y
102,1,-3.5599,N,0,Y
103,1,0.44,N,0,Y
104,1,16.44,N,0,Y
105,1,4.44,N,0,Y
106,1,12.44,N,0,Y
107,1,8.44,N,0,Y
108,1,18.44,N,0,Y
109,1,-13.559,N,0,N
110,1,-11.559,N,0,Y
111,1,-2.56,N,0,N
112,1,-5.5599,N,0,N
113,1,3.44,N,0,Y
114,1,-1.5599,N,0,N
115,1,3.44,N,0,Y
116,1,-1.5599,N,0,Y
117,1,11.44,N,0,Y
118,2,-1.5599,N,0,Y
119,2,-5.5599,N,0,Y
120,2,-13.559,N,0,N
121,2,-5.5599,N,1,Y
122,2,19.44,N,0,Y
123,2,1.44,N,1,Y
124,2,-2.56,N,1,Y
125,2,6.44,N,1,Y
126,2,-5.5599,N,0,Y
127,2,7.44,N,1,Y
128,2,1.44,N,0,Y
129,2,0.44,N,0,Y
130,2,-11.559,N,0,N
131,2,10.44,N,0,Y
132,2,-7.56,N,0,N
133,2,-2.5599,N,1,Y
134,2,-13.559,N,0,N
135,2,-2.5599,N,1,Y
136,2,1.44,N,0,Y
137,2,-11.559,N,0,Y
138,3,-3.5599,Y,1,Y
139,3,-8.5599,Y,1,N
140,4,-6.5599,Y,1,Y
141,4,2.44,Y,1,Y
142,4,-1.5599,Y,1,Y
143,4,-3.5599,Y,0,N
144,4,4.44,Y,1,Y
145,4,7.44,Y,1,Y
146,4,7.44,Y,1,Y
147,4,-0.5599,Y,1,Y
148,4,-10.559,Y,1,Y
149,4,-3.5599,Y,1,Y
150,4,2.44,Y,1,Y
151,4,-2.5599,N,0,Y
152,4,-4.5599,N,1,Y
153,4,-4.5599,N,0,N
154,4,14.44,N,0,Y
155,4,16.44,N,0,Y
156,4,6.44,N,0,Y
157,4,-1.5599,N,0,Y
158,4,1.44,N,1,Y
159,4,2.44,N,0,Y
160,4,13.44,N,0,Y
161,4,16.44,N,0,Y
162,4,-0.5599,N,1,Y
163,4,8.44,N,1,Y
164,4,2.44,N,1,Y
165,4,-10.559,N,0,N
166,4,-1.5599,N,0,Y
167,4,-11.559,N,0,Y
168,4,-9.5599,N,0,Y
169,4,-7.5599,N,0,N
170,5,-13.56,Y,0,N
171,5,2.44,Y,1,Y
172,5,-4.5599,N,0,Y
173,5,3.44,N,0,Y
174,5,-13.559,N,0,N
175,5,-4.5599,N,1,Y
176,5,-11.559,N,0,N
177,5,-11.559,N,1,N
178,5,-6.5599,N,1,Y
179,5,13.44,N,0,Y
180,5,-11.559,N,1,N
181,5,-10.559,N,0,N
182,5,-10.559,N,0,N
183,5,16.44,N,0,Y
184,5,-3.56,N,0,N
185,5,-2.5599,N,0,Y
186,5,16.44,N,0,Y
187,5,7.44,N,1,Y
188,5,-10.559,N,0,N
189,5,0.44,N,0,Y
190,5,6.44,N,1,Y
191,5,2.44,N,0,Y
192,5,-9.5599,N,0,N
193,5,-8.56,N,1,Y
194,5,14.44,N,1,Y
195,5,1.44,N,1,Y
196,5,-4.5599,N,1,Y
197,5,-4.5599,N,0,Y
198,5,-7.5599,N,0,Y
199,5,-5.5599,N,1,Y
200,5,-8.5599,N,1,N
201,5,-12.56,N,0,N
202,5,-1.5599,N,0,Y
203,5,-1.5599,N,0,Y
204,5,18.44,N,0,Y
205,5,17.44,N,0,Y
206,5,-0.5599,N,1,Y
207,5,11.44,N,0,Y
208,5,13.44,N,0,Y
209,6,-0.5599,Y,1,N
210,6,-4.5599,Y,1,Y
211,6,-0.5599,Y,1,Y
212,6,11.44,Y,0,Y
213,6,-4.5599,Y,1,N
214,6,7.44,Y,0,Y
215,6,4.44,Y,1,Y
216,6,-5.56,N,0,Y
217,6,13.44,N,0,Y
218,6,-12.56,N,1,N
219,6,12.44,N,0,Y
220,6,-5.5599,N,0,Y
221,6,8.44,N,0,Y
222,6,-11.559,N,0,N
223,6,-0.5599,N,1,Y
224,6,-7.56,N,0,Y
225,6,6.44,N,0,Y
226,6,4.44,N,1,Y
227,6,-5.56,N,1,Y
228,6,-0.5599,N,1,Y
229,6,-6.56,N,0,N
230,6,0.44,N,0,Y
231,6,13.44,N,0,Y
232,6,11.44,N,0,Y
233,6,1.44,N,0,N
234,6,-5.5599,N,1,Y
235,6,-6.56,N,0,N
236,6,-4.56,N,1,Y
237,6,-2.5599,N,0,Y
238,6,13.44,N,1,Y
239,6,-9.5599,N,0,N
240,6,-11.559,N,0,N
241,6,-8.5599,N,0,N
242,6,-9.5599,N,0,N
243,6,-2.5599,N,0,Y
244,6,-10.559,N,0,N
245,6,18.44,N,0,Y
246,6,-7.56,N,1,Y
247,6,-4.5599,N,0,Y
248,6,-9.5599,N,0,Y
249,6,-0.56,N,1,Y
250,6,-8.5599,N,0,N
251,6,8.44,N,0,Y
252,6,-5.5599,N,0,Y
253,6,5.44,N,0,Y
254,6,-12.56,N,0,N
255,6,16.44,N,0,Y
256,6,8.44,N,0,Y
257,6,8.44,N,0,Y
258,6,-4.5599,N,0,Y
259,6,-6.56,N,0,N
260,6,-2.5599,N,0,Y
261,6,18.44,N,0,Y
262,6,18.44,N,0,Y
263,6,-0.56,N,0,Y
264,6,8.44,N,0,Y
265,6,-8.5599,N,0,Y
266,6,-5.5599,N,0,Y
267,6,0.44,N,1,Y
268,6,2.44,N,1,Y
269,6,-7.56,N,0,Y
270,6,-2.5599,N,1,Y
271,6,15.44,N,0,Y
272,6,10.44,N,1,Y
273,6,-7.5599,N,0,N
274,7,1.44,N,0,Y
275,7,-8.5599,N,0,Y
276,7,-7.56,N,0,Y
277,7,-13.56,N,0,N
278,7,-5.5599,N,0,Y
279,7,-10.559,N,0,N
280,7,3.44,N,1,Y
281,7,11.44,N,0,Y
282,7,-7.5599,N,1,N
283,7,-6.56,N,0,Y
284,7,-0.5599,N,0,Y
285,7,2.44,N,0,Y
286,7,3.44,N,1,Y
287,7,6.44,N,0,Y
288,7,-10.559,N,1,Y
289,7,1.44,N,0,Y
290,7,-10.559,N,0,N
291,7,-8.5599,N,1,N
292,8,-10.559,Y,1,N
293,8,0.44,Y,1,Y
294,8,19.44,N,0,N
295,8,9.44,N,0,Y
296,8,-4.5599,N,1,Y
297,8,-12.56,N,0,N
298,8,-5.5599,N,0,Y
299,8,11.44,N,0,Y
300,8,-6.5599,N,1,Y
301,8,-11.56,N,0,N
302,8,7.44,N,1,Y
303,8,0.44,N,0,Y
304,8,1.44,N,1,Y
305,8,-7.5599,N,1,Y
306,8,5.44,N,1,Y
307,8,2.44,N,0,Y
308,8,-7.5599,N,1,Y
309,8,-1.5599,N,0,Y
310,8,-9.5599,N,0,N
311,8,-6.5599,N,1,Y
312,8,-7.5599,N,0,N
313,8,19.44,N,1,Y
314,8,-8.5599,N,0,Y
315,8,-6.5599,N,0,Y
316,8,19.44,N,1,Y
317,8,13.44,N,1,Y
318,8,-9.5599,N,0,Y
319,8,-6.5599,N,0,N
320,8,12.44,N,0,Y
321,8,0.44,N,1,Y
322,8,16.44,N,0,Y
323,8,7.44,N,0,Y
324,8,-13.56,N,0,N
325,8,-3.5599,N,0,Y
326,8,-6.5599,N,0,N
327,8,-9.5599,N,0,N
328,8,-2.5599,N,0,Y
329,9,7.44,Y,1,Y
330,9,-3.5599,Y,1,Y
331,9,16.44,Y,0,Y
332,9,1.44,N,0,Y
333,9,-4.5599,N,1,Y
334,9,-3.5599,N,0,Y
335,9,-9.5599,N,1,Y
336,9,-0.5599,N,0,Y
337,9,2.44,N,1,Y
338,9,-11.559,N,0,N
339,9,10.44,N,0,Y
340,9,-5.5599,N,0,Y
341,9,-6.56,N,0,Y
342,9,10.44,N,1,Y
343,9,-10.559,N,0,Y
344,9,15.44,N,0,Y
345,9,-5.5599,N,0,Y
346,9,-12.56,N,0,N
347,9,-12.56,N,0,N
348,9,-8.5599,N,0,Y
349,9,-4.5599,N,1,Y
350,9,10.44,N,0,Y
351,9,11.44,N,0,Y
352,10,18.44,N,0,Y
353,10,-11.559,N,0,N
354,10,-6.5599,N,0,Y
355,10,3.44,N,0,Y
356,10,6.44,N,0,Y
357,10,13.44,N,0,N
358,10,15.44,N,0,Y
359,10,3.44,N,1,Y
360,10,15.44,N,0,Y
361,10,19.44,N,0,Y
362,10,12.44,N,0,N
363,10,-12.559,N,0,N
364,10,-9.5599,N,0,N
365,11,-9.5599,N,0,N
366,11,-8.5599,N,0,N
367,11,-5.5599,N,0,Y
368,11,18.44,N,0,Y
369,11,-8.5599,N,0,N
370,11,-9.5599,N,0,N
371,11,-12.559,N,0,N
372,11,3.44,N,0,N
373,11,-8.5599,N,0,N
374,11,19.44,N,0,Y
375,11,-3.5599,N,0,N
376,11,-5.5599,N,0,Y
377,11,2.44,N,0,Y
378,11,0.44,N,0,Y
379,11,-11.559,N,0,N
380,11,-2.5599,N,0,Y
381,11,2.44,N,0,Y
382,11,-8.5599,N,0,Y
383,11,-8.5599,N,0,N
384,11,-6.56,N,0,N
385,11,18.44,N,0,Y
386,12,9.44,Y,1,Y
387,12,18.44,Y,0,Y
388,12,-5.5599,Y,0,Y
389,12,4.44,Y,1,N
390,12,-3.5599,Y,0,Y
391,12,17.44,Y,0,Y
392,12,9.44,N,1,Y
393,12,-7.5599,N,0,Y
394,12,19.44,N,0,Y
395,12,6.44,N,0,Y
396,12,-1.5599,N,0,N
397,12,3.44,N,0,Y
398,12,-5.5599,N,1,N
399,12,5.44,N,0,Y
400,12,-11.559,N,1,N
401,12,-1.5599,N,0,Y
402,12,2.44,N,0,Y
403,12,-5.5599,N,0,Y
404,12,-1.5599,N,1,Y
405,12,5.44,N,0,Y
406,12,18.44,N,1,Y
407,12,10.44,N,0,Y
408,12,4.44,N,1,Y
409,12,3.44,N,0,Y
410,12,11.44,N,1,Y
411,12,-2.5599,N,0,Y
412,12,-1.5599,N,0,Y
413,12,8.44,N,1,Y
414,12,-4.5599,N,0,N
415,13,10.44,Y,0,Y
416,13,-11.559,Y,0,N
417,13,6.44,Y,1,Y
418,13,-7.5599,Y,1,N
419,13,-12.559,Y,0,Y
420,13,-3.5599,Y,1,Y
421,13,-8.5599,Y,0,N
422,13,-5.5599,Y,0,N
423,13,-2.5599,N,0,Y
424,13,16.44,N,0,Y
425,13,0.44,N,1,Y
426,13,-1.5599,N,1,Y
427,13,-2.5599,N,0,N
428,13,15.44,N,0,Y
429,13,0.44,N,0,Y
430,13,-7.5599,N,1,Y
431,13,10.44,N,0,N
432,13,-7.5599,N,0,N
433,13,3.44,N,0,Y
434,13,0.44,N,1,Y
435,13,13.44,N,0,N
436,13,4.44,N,1,Y
437,13,12.44,N,1,Y
438,13,-3.5599,N,1,Y
439,14,-9.5599,Y,0,N
440,14,-10.559,Y,1,N
441,14,-10.559,Y,0,Y
442,14,-11.559,Y,0,Y
443,14,-11.559,Y,1,N
444,14,2.44,Y,0,Y
445,14,7.44,Y,0,N
446,14,0.44,Y,0,N
447,14,-3.5599,Y,0,Y
448,14,-7.5599,Y,1,N
449,14,-2.5599,Y,1,Y
450,14,3.44,Y,0,Y
451,14,3.44,Y,1,Y
452,14,-11.559,Y,1,N
453,14,-4.5599,Y,1,Y
454,14,-10.559,Y,0,N
455,14,12.44,Y,1,Y
456,14,-7.5599,Y,0,Y
457,14,2.44,Y,1,Y
458,14,-10.559,Y,0,N
459,14,-10.559,Y,0,N
460,14,-8.5599,Y,1,N
461,14,8.44,Y,0,Y
462,14,-12.559,Y,0,N
463,14,-6.56,Y,0,Y
464,14,-8.5599,Y,1,N
465,14,14.44,Y,1,Y
466,14,16.44,Y,1,Y
467,14,6.44,Y,1,Y
468,14,16.44,Y,1,Y
469,14,-11.559,Y,1,N
470,14,3.44,Y,1,Y
471,14,-5.5599,Y,1,Y
472,14,-6.5599,Y,1,N
473,14,-2.5599,Y,1,Y
474,14,-7.5599,Y,1,Y
475,14,-1.56,Y,1,Y
476,14,2.44,Y,1,Y
477,14,5.44,Y,1,Y
478,14,0.44,Y,0,Y
479,14,9.44,Y,1,Y
480,14,4.44,Y,1,Y
481,14,-13.559,Y,1,N
482,14,-13.559,Y,1,N
483,14,6.44,Y,1,Y
484,14,2.44,Y,0,N
485,14,-8.5599,Y,0,N
486,14,12.44,Y,0,Y
487,14,-9.5599,Y,1,N
488,14,10.44,Y,1,Y
489,14,-11.559,Y,1,N
490,14,2.44,Y,0,Y
491,14,-10.559,Y,0,N
492,14,-8.5599,Y,1,N
493,14,2.44,Y,1,Y
494,14,4.44,Y,1,Y
495,14,7.44,Y,1,Y
496,14,-10.559,Y,0,Y
497,14,-6.5599,Y,0,N
498,14,3.44,Y,1,Y
499,14,-9.5599,Y,1,N
500,14,6.44,Y,0,Y
501,14,-4.5599,Y,1,Y
502,14,-5.5599,Y,1,Y
503,14,-8.5599,Y,0,Y
504,14,0.44,Y,1,Y
505,14,17.44,Y,1,Y
506,14,-7.5599,Y,1,Y
507,14,14.44,Y,0,Y
508,14,-4.5599,Y,0,Y
509,14,3.44,Y,1,Y
510,14,-1.5599,Y,1,Y
511,14,-8.5599,Y,1,Y
512,14,0.44,Y,1,Y
513,14,-6.5599,Y,1,Y
514,14,13.44,Y,1,Y
515,14,0.44,Y,1,N
516,14,7.44,Y,1,Y
517,14,0.44,Y,1,Y
518,14,-1.5599,Y,0,N
519,14,-12.559,Y,1,N
520,14,18.44,Y,0,Y
521,14,7.44,Y,1,Y
522,14,-8.5599,Y,1,N
523,14,11.44,Y,1,Y
524,14,13.44,Y,1,Y
525,14,-7.5599,Y,1,Y
526,14,-10.559,Y,0,N
527,14,-3.5599,Y,1,Y
528,14,-7.5599,Y,1,Y
529,14,-4.5599,Y,1,Y
530,14,-8.5599,Y,1,N
531,14,-2.5599,Y,0,Y
532,14,-9.5599,Y,1,N
533,14,0.44,Y,1,N
534,14,-5.5599,Y,0,N
535,14,-3.5599,Y,1,N
536,14,-10.559,Y,1,Y
537,14,0.44,Y,0,Y
538,14,8.44,Y,1,Y
539,14,4.44,Y,1,Y
540,14,2.44,N,1,Y
541,14,-5.5599,N,1,Y
542,14,-6.5599,N,0,Y
543,14,6.44,N,0,Y
544,14,-7.5599,N,0,Y
545,14,-1.5599,N,0,Y
546,14,-3.5599,N,0,Y
547,14,10.44,N,1,Y
548,14,18.44,N,0,Y
549,14,-12.559,N,1,N
550,14,17.44,N,0,Y
551,14,-5.5599,N,1,Y
552,14,-12.559,N,0,N
553,14,-10.56,N,0,N
554,14,0.44,N,0,Y
555,14,-8.5599,N,0,Y
556,14,17.44,N,1,Y
557,15,14.44,Y,1,Y
558,15,-13.559,Y,0,N
559,15,1.44,Y,0,Y
560,15,2.44,Y,0,Y
561,15,-0.5599,Y,1,Y
562,15,19.44,Y,0,Y
563,15,0.44,Y,0,Y
564,15,-4.5599,Y,1,N
565,15,-3.5599,N,1,Y
566,15,-9.5599,N,0,N
567,15,10.44,N,0,Y
568,15,4.44,N,0,Y
569,15,8.44,N,1,Y
570,15,-5.5599,N,0,Y
571,15,-2.5599,N,0,N
572,15,-7.56,N,0,N
573,15,-12.559,N,0,N
574,15,-4.5599,N,1,Y
575,15,-8.5599,N,0,Y
576,15,-10.559,N,0,N
577,15,-2.5599,N,1,Y
578,15,-5.5599,N,1,Y
579,16,-0.5599,Y,1,Y
580,16,-9.5599,Y,1,N
581,16,-12.56,N,0,N
582,16,-12.56,N,0,N
583,16,-10.559,N,1,N
584,16,-12.56,N,0,N
585,16,-8.5599,N,1,N
586,16,4.44,N,1,Y
587,16,17.44,N,1,Y
588,16,8.44,N,1,Y
589,16,4.44,N,0,Y
590,16,-10.559,N,1,Y
591,16,-10.559,N,0,N
592,16,-13.559,N,0,N
593,16,0.44,N,0,Y
594,16,10.44,N,1,Y
595,16,-12.56,N,0,N
596,16,18.44,N,0,Y
597,16,-10.559,N,1,N
598,16,-6.5599,N,1,Y
599,17,-11.559,N,0,N
600,17,-12.559,N,0,N
601,17,-0.5599,N,1,Y
602,17,4.44,N,1,Y
603,17,5.44,N,1,Y
604,17,-7.5599,N,0,Y
605,17,-5.5599,N,0,Y
606,17,15.44,N,0,Y
607,17,-4.5599,N,0,N
608,17,-12.559,N,0,N
609,17,-5.5599,N,0,Y
610,17,-2.5599,N,0,Y
611,17,-12.559,N,0,N
612,17,1.44,N,0,N
613,17,7.44,N,1,Y
614,17,9.44,N,0,Y
615,17,-2.5599,N,1,Y
616,17,-2.5599,N,0,Y
617,17,0.44,N,0,Y
618,17,-0.5599,N,1,Y
619,17,-5.5599,N,0,Y
620,17,0.44,N,1,Y
621,17,11.44,N,0,Y
622,17,9.44,N,0,Y
623,18,-1.56,Y,0,N
624,18,-5.5599,Y,1,Y
625,18,1.44,Y,0,Y
626,18,-1.5599,Y,0,Y
627,18,-9.5599,Y,0,N
628,18,2.44,Y,1,Y
629,18,-7.5599,Y,0,N
630,18,-11.559,Y,0,N
631,18,0.44,Y,1,Y
632,18,15.44,Y,1,Y
633,18,-7.5599,Y,0,N
634,18,-8.5599,Y,1,N
635,18,-9.5599,Y,1,N
636,18,8.44,Y,1,Y
637,18,-12.559,N,0,N
638,18,-6.5599,N,1,Y
639,18,-10.559,N,0,N
640,18,-8.5599,N,0,Y
641,18,-8.5599,N,0,N
642,18,-13.56,N,1,N
643,18,-0.5599,N,1,Y
644,18,1.44,N,0,Y
645,18,-13.56,N,0,N
646,18,-11.559,N,0,N
647,18,15.44,N,0,Y
648,18,-5.5599,N,1,Y
649,18,12.44,N,0,Y
650,18,17.44,N,0,Y
651,18,-5.5599,N,1,Y
652,18,6.44,N,1,Y
653,18,8.44,N,0,Y
654,18,17.44,N,0,Y
655,18,-2.5599,N,0,Y
656,18,4.44,N,0,Y
657,18,0.44,N,0,N
658,18,-13.559,N,1,Y
659,18,-2.5599,N,0,Y
660,18,1.44,N,0,Y
661,18,17.44,N,0,N
662,18,-6.5599,N,0,Y
663,18,-6.5599,N,0,Y
664,18,5.44,N,0,Y
665,18,-6.5599,N,1,Y
666,18,-4.5599,N,0,N
667,18,7.44,N,0,Y
668,18,16.44,N,0,Y
669,18,-10.559,N,1,N
670,19,-2.5599,Y,0,N
671,19,-11.559,Y,1,Y
672,19,-1.5599,Y,1,Y
673,19,-12.559,Y,1,N
674,19,18.44,N,0,Y
675,19,2.44,N,1,Y
676,19,-0.5599,N,1,Y
677,19,-6.5599,N,0,N
678,19,3.44,N,0,Y
679,19,11.44,N,0,Y
680,19,14.44,N,0,Y
681,19,5.44,N,0,Y
682,19,-9.5599,N,0,N
683,19,-2.5599,N,0,N
684,19,-6.5599,N,0,Y
685,19,0.44,N,1,N
686,19,-1.5599,N,0,N
687,19,-10.56,N,0,N
688,19,3.44,N,1,Y
689,19,3.44,N,1,Y
690,19,2.44,N,1,Y
691,19,-5.5599,N,0,Y
692,19,-5.5599,N,0,Y
693,19,0.44,N,0,Y
694,19,12.44,N,1,Y
695,19,5.44,N,0,Y
696,20,-1.5599,N,0,Y
697,20,3.44,N,0,Y
698,20,-12.56,N,1,N
699,20,-0.5599,N,1,Y
700,20,17.44,N,0,Y
701,20,-12.56,N,1,N
702,20,-10.559,N,1,N
703,20,-5.5599,N,0,Y
704,20,11.44,N,0,Y
705,20,-12.56,N,0,N
706,20,-13.559,N,0,N
707,20,8.44,N,0,N
708,20,-13.559,N,0,N
709,20,12.44,N,1,Y
710,20,-1.5599,N,1,Y
711,21,18.44,Y,0,Y
712,21,19.44,Y,0,Y
713,21,-12.559,Y,1,N
714,21,-13.56,Y,0,N
715,21,-3.5599,Y,0,Y
716,21,14.44,Y,0,Y
717,21,12.44,Y,0,Y
718,21,-6.5599,Y,0,Y
719,21,7.44,N,0,Y
720,21,1.44,N,1,N
721,21,-7.5599,N,0,Y
722,21,-1.5599,N,1,Y
723,21,-2.5599,N,0,Y
724,21,-4.5599,N,1,Y
725,21,2.44,N,1,N
726,21,-0.5599,N,1,Y
727,21,-7.5599,N,1,N
728,21,-10.559,N,0,N
729,22,4.44,N,0,Y
730,22,-5.5599,N,1,Y
731,22,19.44,N,0,N
732,22,-1.5599,N,0,Y
733,22,-10.559,N,0,N
734,22,-4.5599,N,0,Y
735,22,17.44,N,0,Y
736,22,-3.5599,N,1,Y
737,22,-3.56,N,0,Y
738,22,3.44,N,0,Y
739,22,-8.5599,N,0,Y
740,22,-1.56,N,0,Y
741,22,5.44,N,0,Y
742,22,-11.559,N,0,N
743,22,17.44,N,0,Y
744,22,6.44,N,0,Y
745,22,0.44,N,0,Y
746,22,0.44,N,0,Y
747,22,-4.5599,N,1,Y
748,22,-1.5599,N,1,Y
749,23,-4.5599,N,0,Y
750,23,-8.5599,N,0,N
751,23,-1.5599,N,1,Y
752,23,-2.5599,N,0,Y
753,23,16.44,N,0,Y
754,23,-1.5599,N,0,Y
755,23,-5.56,N,0,Y
756,23,10.44,N,0,Y
757,23,10.44,N,1,Y
758,23,-11.559,N,0,N
759,23,8.44,N,0,Y
760,23,7.44,N,1,Y
761,23,-11.559,N,0,N
762,23,5.44,N,1,Y
763,23,8.44,N,0,Y
764,24,-8.5599,N,0,N
765,24,-3.5599,N,0,Y
766,24,-6.5599,N,0,Y
767,24,17.44,N,0,Y
768,24,-11.559,N,0,N
769,24,-10.559,N,0,N
770,24,5.44,N,0,Y
771,24,9.44,N,0,Y
772,24,4.44,N,0,Y
773,24,6.44,N,0,N
774,24,6.44,N,1,Y
775,24,-13.56,N,0,N
776,24,-4.5599,N,0,Y
777,24,15.44,N,0,Y
778,25,-8.5599,Y,0,N
779,25,-5.5599,Y,1,Y
780,25,-3.5599,Y,0,N
781,25,1.44,Y,1,Y
782,25,-1.5599,Y,0,N
783,25,9.44,Y,1,Y
784,25,8.44,Y,1,Y
785,25,-0.5599,Y,1,Y
786,25,-5.56,Y,0,Y
787,25,0.44,Y,0,N
788,25,-1.5599,Y,1,Y
789,25,-11.559,Y,0,N
790,25,-11.559,Y,0,N
791,25,4.44,Y,1,Y
792,25,-9.5599,Y,0,N
793,25,-10.559,Y,0,N
794,25,2.44,Y,0,Y
795,25,-7.5599,Y,1,Y
796,25,18.44,N,1,Y
797,25,-6.5599,N,0,Y
798,25,-2.5599,N,0,Y
799,25,-3.5599,N,1,Y
800,25,-8.5599,N,1,Y
801,25,6.44,N,1,Y
802,25,-13.56,N,0,N
803,25,3.44,N,0,Y
804,25,3.44,N,0,Y
805,25,1.44,N,0,Y
806,25,-8.5599,N,0,N
807,25,0.44,N,1,Y
808,25,4.44,N,1,Y
809,25,-5.5599,N,0,Y
810,25,5.44,N,1,Y
811,25,-10.559,N,1,Y
812,25,-9.5599,N,1,Y
813,25,4.44,N,0,Y
814,25,1.44,N,1,Y
815,25,-12.56,N,0,N
816,25,-6.5599,N,0,Y
817,25,-4.5599,N,0,Y
818,25,-1.5599,N,0,N
819,25,5.44,N,1,Y
820,25,5.44,N,1,Y
821,25,2.44,N,0,Y
822,25,10.44,N,1,Y
823,25,-11.56,N,0,N
824,25,4.44,N,1,Y
825,25,7.44,N,0,Y
826,25,-6.5599,N,1,Y
827,25,0.44,N,1,Y
828,25,-1.5599,N,1,Y
829,25,-5.5599,N,0,Y
830,25,-2.5599,N,0,Y
831,25,14.44,N,1,Y
832,25,-5.5599,N,0,N
833,25,-11.559,N,1,Y
834,25,1.44,N,1,Y
835,25,-0.56,N,0,Y
836,25,18.44,N,0,Y
837,25,-1.5599,N,0,Y
838,25,-11.56,N,0,N
839,25,-5.5599,N,0,Y
840,25,-1.5599,N,0,Y
841,25,-2.5599,N,1,Y
842,25,4.44,N,1,Y
843,25,-12.56,N,0,N
844,25,5.44,N,0,Y
845,26,5.44,N,1,Y
846,26,5.44,N,0,Y
847,26,3.44,N,0,Y
848,26,7.44,N,0,Y
849,26,-8.5599,N,0,Y
850,26,-9.5599,N,0,Y
851,26,-9.5599,N,0,N
852,26,7.44,N,1,Y
853,26,-5.5599,N,0,Y
854,26,-2.5599,N,1,Y
855,26,15.44,N,0,Y
856,26,7.44,N,1,Y
857,26,-2.5599,N,1,Y
858,27,1.44,Y,0,Y
859,27,-2.5599,Y,0,N
860,27,4.44,Y,0,Y
861,27,-9.5599,Y,1,N
862,27,14.44,Y,1,Y
863,27,-6.56,N,0,Y
864,27,-12.559,N,0,N
865,27,15.44,N,0,Y
866,27,10.44,N,0,Y
867,27,2.44,N,0,Y
868,27,14.44,N,0,Y
869,27,19.44,N,0,Y
870,27,6.44,N,0,Y
871,27,10.44,N,0,Y
872,27,-5.5599,N,1,N
873,27,19.44,N,0,Y
874,27,0.44,N,0,N
875,27,-12.559,N,0,N
876,27,-12.559,N,0,N
877,27,-7.56,N,0,N
878,27,-1.5599,N,0,N
879,27,9.44,N,1,Y
880,27,14.44,N,1,Y
881,27,-4.5599,N,0,Y
882,27,-10.559,N,0,N
883,27,-5.56,N,0,Y
884,27,17.44,N,0,Y
885,27,-5.5599,N,1,N
886,27,2.44,N,1,Y
887,27,-13.559,N,0,N
888,27,-12.559,N,0,N
889,27,-0.5599,N,1,Y
890,27,8.44,N,0,Y
891,27,-2.5599,N,0,Y
892,27,-11.559,N,0,N
893,27,-5.5599,N,0,Y
894,27,4.44,N,0,Y
895,27,-9.5599,N,0,N
896,27,14.44,N,0,Y
897,27,9.44,N,0,Y
898,27,11.44,N,0,Y
899,27,18.44,N,0,Y
900,27,11.44,N,0,Y
901,27,6.44,N,0,Y
902,28,10.44,Y,0,Y
903,28,-1.5599,Y,0,Y
904,28,9.44,Y,0,Y
905,28,4.44,Y,1,Y
906,28,-9.5599,N,1,Y
907,28,-2.5599,N,1,Y
908,28,-1.56,N,0,Y
909,28,18.44,N,0,Y
910,28,9.44,N,1,Y
911,28,18.44,N,0,Y
912,28,10.44,N,1,Y
913,28,-1.5599,N,1,Y
914,28,9.44,N,0,Y
915,28,9.44,N,1,Y
916,28,19.44,N,0,Y
917,28,-7.56,N,0,N
918,28,-13.56,N,1,N
919,28,18.44,N,0,Y
920,28,-12.559,N,0,N
921,28,-0.5599,N,0,Y
922,28,11.44,N,1,Y
923,28,-12.559,N,0,N
924,28,-13.56,N,0,N
925,28,-9.5599,N,0,N
926,28,-11.559,N,0,N
927,28,5.44,N,1,Y
928,28,-7.56,N,0,Y
929,28,-7.56,N,0,N
930,28,16.44,N,0,Y
931,28,1.44,N,1,Y
932,28,-2.5599,N,1,Y
933,28,1.44,N,0,Y
934,28,18.44,N,0,Y
935,28,-2.5599,N,0,Y
936,28,3.44,N,0,Y
937,28,19.44,N,0,Y
938,28,-9.5599,N,0,Y
939,28,-6.56,N,0,Y
940,28,-2.5599,N,0,Y
941,28,-7.56,N,0,N
942,28,-10.559,N,0,N
943,28,8.44,N,0,Y
944,28,6.44,N,0,Y
945,28,10.44,N,0,Y
946,28,-9.5599,N,0,Y
947,28,-12.559,N,0,N
948,28,8.44,N,0,Y
949,28,0.44,N,0,Y
950,28,-0.5599,N,0,Y
951,29,9.44,Y,0,Y
952,29,-5.5599,Y,0,N
953,29,12.44,Y,1,Y
954,29,7.44,Y,1,Y
955,29,-0.5599,Y,0,N
956,29,0.44,Y,1,Y
957,29,10.44,Y,1,N
958,29,-8.5599,N,0,N
959,29,-13.559,N,0,N
960,29,-10.559,N,0,N
961,29,-7.56,N,0,N
962,29,-1.5599,N,0,Y
963,29,-0.5599,N,0,Y
964,29,11.44,N,0,Y
965,29,4.44,N,0,N
966,29,10.44,N,0,Y
967,29,-4.5599,N,0,N
968,29,-9.5599,N,0,N
969,29,-12.559,N,1,N
970,29,-9.5599,N,0,N
971,29,8.44,N,1,Y
972,29,19.44,N,0,Y
973,29,18.44,N,0,Y
974,29,-9.5599,N,0,N
975,29,-7.56,N,0,N
976,29,2.44,N,1,Y
977,29,-11.559,N,0,N
978,29,-8.5599,N,1,Y
979,29,-5.5599,N,0,Y
980,29,-9.5599,N,0,Y
981,29,-5.5599,N,0,Y
982,29,0.44,N,1,Y
983,30,-0.5599,Y,1,Y
984,30,5.44,Y,1,Y
985,30,-0.5599,Y,1,Y
986,30,5.44,Y,1,Y
987,30,8.44,Y,1,Y
988,30,-6.5599,Y,0,Y
989,30,-3.56,Y,0,Y
990,30,19.4399,Y,1,Y
991,30,0.44,Y,1,Y
992,30,19.4399,Y,1,Y
993,30,-8.5599,Y,0,N
994,30,-2.5599,Y,1,Y
995,30,-8.5599,Y,1,Y
996,30,-2.5599,Y,1,Y
997,30,-10.559,Y,0,N
998,30,5.44,Y,1,Y
999,30,11.44,N,1,Y
1000,30,4.44,N,0,N
1001,30,-4.5599,N,1,Y
1002,30,3.44,N,0,N
1003,30,-9.5599,N,0,N
1004,30,6.44,N,1,Y
1005,30,-11.559,N,0,N
1006,30,8.44,N,1,Y
1007,30,-6.5599,N,1,Y
1008,30,9.44,N,1,Y
1009,30,-13.559,N,0,N
1010,30,-10.559,N,1,N
1011,30,-7.5599,N,0,Y
1012,30,6.44,N,0,Y
1013,30,-1.5599,N,1,Y
1014,30,15.44,N,0,Y
1015,30,-6.5599,N,0,N
1016,30,-4.5599,N,1,Y
1017,30,-11.559,N,0,N
1018,30,-4.5599,N,1,Y
1019,30,9.44,N,1,Y
1020,30,-11.559,N,0,N
1021,30,-8.5599,N,0,Y
1022,30,17.44,N,1,Y
1023,30,-6.5599,N,0,Y
1024,30,-0.5599,N,0,Y
1025,30,7.44,N,1,Y
1026,30,2.44,N,1,Y
1027,30,7.44,N,1,Y
1028,30,8.44,N,1,Y
1029,30,-9.5599,N,0,N
1030,30,8.44,N,0,Y
1031,30,-11.559,N,0,N
1032,30,12.44,N,0,N
1033,30,0.44,N,0,Y
1034,30,-10.559,N,0,N
1035,30,2.44,N,1,Y
1036,30,-9.5599,N,0,N
1037,30,0.44,N,0,Y
1038,30,-10.559,N,0,N
1039,30,-10.559,N,0,N
1040,30,9.44,N,0,Y
1041,30,17.44,N,0,Y
1042,30,-0.5599,N,1,Y
1043,30,-8.5599,N,0,Y
1044,31,15.44,Y,0,Y
1045,31,-6.5599,Y,1,N
1046,31,0.44,Y,1,Y
1047,31,2.44,Y,1,Y
1048,31,16.44,Y,0,Y
1049,31,-11.559,Y,0,N
1050,31,17.44,N,0,Y
1051,31,18.44,N,1,Y
1052,31,14.44,N,1,Y
1053,31,-7.5599,N,1,Y
1054,31,17.44,N,0,Y
1055,31,-0.5599,N,1,Y
1056,31,-9.5599,N,0,N
1057,31,-9.5599,N,0,N
1058,31,2.44,N,1,Y
1059,31,-2.56,N,0,Y
1060,31,3.44,N,1,Y
1061,31,0.44,N,0,Y
1062,31,-13.559,N,0,N
1063,31,-11.559,N,0,N
1064,31,10.44,N,0,Y
1065,31,14.44,N,0,Y
1066,31,-0.5599,N,1,Y
1067,31,8.44,N,0,Y
1068,31,-10.559,N,0,N
1069,31,-7.5599,N,1,Y
1070,31,6.44,N,1,Y
1071,31,-0.5599,N,1,Y
1072,31,18.44,N,0,Y
1073,31,-10.559,N,1,N
1074,31,-9.5599,N,1,Y
1075,31,0.44,N,0,Y
1076,31,-11.559,N,0,N
1077,32,10.44,N,1,Y
1078,32,-2.5599,N,0,N
1079,32,0.44,N,0,Y
1080,32,-2.5599,N,0,Y
1081,32,-3.5599,N,0,Y
1082,32,13.44,N,0,Y
1083,32,-3.5599,N,1,Y
1084,32,12.44,N,0,Y
1085,32,1.44,N,0,Y
1086,32,-9.5599,N,0,N
1087,32,-2.5599,N,1,Y
1088,32,1.44,N,0,Y
1089,32,-2.5599,N,1,Y
1090,32,8.44,N,0,Y
1091,32,-11.559,N,1,N
1092,32,-11.56,N,0,Y
1093,32,-0.5599,N,0,Y
1094,32,-11.559,N,0,N
1095,32,4.44,N,0,Y
1096,32,1.44,N,0,Y
1097,32,5.44,N,0,Y
1098,32,2.44,N,0,Y
1099,32,-9.5599,N,0,Y
1100,32,4.44,N,0,Y
1101,33,4.44,Y,0,Y
1102,33,1.44,Y,1,Y
1103,33,2.44,Y,1,Y
1104,33,-1.5599,Y,1,Y
1105,33,-7.5599,Y,0,Y
1106,33,5.44,Y,1,Y
1107,33,6.44,Y,1,Y
1108,33,-10.56,N,0,Y
1109,33,0.44,N,1,Y
1110,33,19.44,N,0,Y
1111,33,-2.5599,N,0,Y
1112,33,-4.5599,N,0,Y
1113,33,18.44,N,0,Y
1114,33,6.44,N,0,Y
1115,34,13.44,Y,1,Y
1116,34,8.44,Y,0,Y
1117,34,-9.5599,Y,1,N
1118,34,4.44,Y,0,N
1119,34,10.44,Y,0,Y
1120,34,-1.5599,Y,1,N
1121,34,10.44,Y,0,Y
1122,34,11.44,Y,0,Y
1123,34,-2.5599,Y,0,Y
1124,34,-11.559,N,1,N
1125,34,3.44,N,1,Y
1126,34,4.44,N,1,Y
1127,34,-3.56,N,1,Y
1128,34,-8.5599,N,1,N
1129,34,8.44,N,0,Y
1130,34,8.44,N,1,Y
1131,34,4.44,N,1,Y
1132,34,-3.5599,N,1,Y
1133,34,8.44,N,1,Y
1134,34,-3.5599,N,0,Y
1135,34,-9.5599,N,0,Y
1136,34,-2.5599,N,1,Y
1137,34,2.44,N,1,Y
1138,34,0.44,N,1,Y
1139,34,4.44,N,0,Y
1140,34,-7.5599,N,1,Y
1141,34,11.44,N,1,Y
1142,34,-12.559,N,0,N
1143,34,9.44,N,0,Y
1144,34,-2.5599,N,1,Y
1145,34,-2.5599,N,1,Y
1146,34,13.44,N,1,Y
1147,34,11.44,N,1,Y
1148,34,0.44,N,1,Y
1149,34,12.44,N,1,Y
1150,35,0.44,Y,1,N
1151,35,-10.559,Y,0,Y
1152,35,-6.5599,Y,0,N
1153,35,-12.559,Y,1,Y
1154,35,-11.559,Y,0,N
1155,35,-9.5599,Y,0,Y
1156,35,-10.559,Y,0,Y
1157,35,6.44,Y,0,Y
1158,35,-6.5599,Y,1,N
1159,35,-5.5599,Y,1,Y
1160,35,-0.5599,Y,1,Y
1161,35,17.44,Y,0,Y
1162,35,-0.5599,Y,1,Y
1163,35,-0.5599,Y,1,Y
1164,35,2.44,Y,1,N
1165,35,6.44,Y,0,Y
1166,35,-6.5599,Y,1,Y
1167,35,9.44,Y,1,Y
1168,35,4.44,Y,1,Y
1169,35,-13.559,Y,0,N
1170,35,5.44,N,0,Y
1171,35,-7.5599,N,0,Y
1172,35,3.44,N,0,Y
1173,35,-6.5599,N,0,Y
1174,35,-13.559,N,0,Y
1175,35,-0.5599,N,0,Y
1176,35,6.44,N,0,Y
1177,35,18.44,N,1,Y
1178,35,3.44,N,1,Y
1179,35,-7.5599,N,1,N
1180,35,-2.5599,N,1,Y
1181,35,-2.56,N,1,Y
1182,35,-8.5599,N,1,Y
1183,35,-0.5599,N,1,Y
1184,35,4.44,N,0,Y
1185,35,1.44,N,1,Y
1186,35,12.44,N,1,Y
1187,35,-6.5599,N,0,Y
1188,35,10.44,N,1,Y
1189,35,-11.559,N,0,N
1190,35,-6.5599,N,1,Y
1191,35,5.44,N,0,Y
1192,35,10.44,N,1,Y
1193,35,2.44,N,0,Y
1194,35,14.44,N,1,Y
1195,35,-9.5599,N,0,Y
1196,35,16.44,N,0,Y
1197,35,16.44,N,0,N
1198,36,12.44,Y,0,Y
1199,36,-4.5599,Y,1,Y
1200,36,-10.559,Y,0,N
1201,36,-8.5599,N,0,N
1202,36,-0.5599,N,0,Y
1203,36,-2.5599,N,1,Y
1204,36,-3.5599,N,1,Y
1205,36,5.44,N,0,Y
1206,36,19.44,N,0,Y
1207,36,1.44,N,0,Y
1208,36,3.44,N,1,Y
1209,36,1.44,N,0,Y
1210,36,2.44,N,0,Y
1211,36,-9.5599,N,0,Y
1212,36,-7.5599,N,0,Y
1213,36,4.44,N,1,Y
1214,36,-5.5599,N,1,Y
1215,37,1.44,N,1,Y
1216,37,5.44,N,0,Y
1217,37,-4.5599,N,1,Y
1218,37,18.44,N,1,Y
1219,37,-2.5599,N,1,Y
1220,37,-3.5599,N,1,Y
1221,37,-9.5599,N,1,N
1222,37,9.44,N,1,Y
1223,37,-6.5599,N,0,Y
1224,37,-13.559,N,0,N
1225,37,3.44,N,0,Y
1226,37,16.44,N,0,Y
1227,37,10.44,N,0,Y
1228,38,8.44,Y,1,Y
1229,38,15.44,Y,0,Y
1230,38,-1.5599,Y,1,Y
1231,38,15.44,Y,1,Y
1232,38,9.44,Y,1,Y
1233,38,-6.5599,Y,0,N
1234,38,19.44,Y,0,Y
1235,38,19.44,N,0,Y
1236,38,0.44,N,0,Y
1237,38,-12.559,N,0,N
1238,38,16.44,N,0,Y
1239,38,17.44,N,0,Y
1240,38,16.44,N,0,Y
1241,38,-9.5599,N,0,N
1242,39,4.44,Y,0,Y
1243,39,-10.559,Y,1,Y
1244,39,8.44,N,0,Y
1245,39,14.44,N,0,Y
1246,39,-1.5599,N,1,N
1247,39,-10.56,N,1,N
1248,39,-1.5599,N,1,Y
1249,39,-7.5599,N,1,N
1250,39,-0.5599,N,1,Y
1251,39,-1.5599,N,1,Y
1252,39,-6.56,N,0,N
1253,39,10.44,N,1,Y
1254,39,5.44,N,0,Y
1255,39,-4.5599,N,0,N
1256,39,-11.559,N,0,N
1257,39,-10.56,N,1,N
1258,39,13.44,N,0,Y
1259,39,8.44,N,0,Y
1260,39,12.44,N,1,Y
1261,39,-13.559,N,0,N
1262,39,-7.5599,N,0,Y
1263,39,-8.5599,N,1,Y
1264,39,-7.5599,N,0,N
1265,39,19.44,N,0,Y
1266,39,3.44,N,1,N
1267,39,7.44,N,1,Y
1268,40,2.44,Y,0,Y
1269,40,2.44,Y,0,Y
1270,40,1.44,Y,0,Y
1271,40,-12.559,Y,0,N
1272,40,-4.5599,Y,1,N
1273,40,-3.5599,Y,1,N
1274,40,-10.559,Y,0,N
1275,40,10.44,Y,1,Y
1276,40,-7.5599,Y,0,N
1277,40,3.44,Y,1,Y
1278,40,-3.5599,Y,1,Y
1279,40,-9.5599,Y,0,N
1280,40,0.44,Y,1,N
1281,40,5.44,Y,1,Y
1282,40,1.44,Y,1,Y
1283,40,10.44,Y,0,Y
1284,40,11.44,Y,0,Y
1285,40,-8.5599,Y,1,N
1286,40,4.44,Y,1,Y
1287,40,5.44,Y,0,N
1288,40,-1.5599,Y,1,Y
1289,40,12.44,Y,1,N
1290,40,-8.5599,Y,0,Y
1291,40,4.44,Y,0,N
1292,40,-11.559,Y,0,N
1293,40,-1.5599,Y,1,Y
1294,40,11.44,Y,0,Y
1295,40,15.44,Y,0,Y
1296,40,-5.5599,Y,1,Y
1297,40,4.44,N,0,Y
1298,40,5.44,N,1,Y
1299,40,0.44,N,1,Y
1300,40,19.44,N,0,Y
1301,40,0.44,N,1,Y
1302,40,-4.5599,N,0,N
1303,40,13.44,N,0,Y
1304,40,14.44,N,0,Y
1305,40,17.44,N,1,Y
1306,40,-10.559,N,1,N
1307,40,-4.5599,N,0,Y
1308,40,12.44,N,0,Y
1309,41,6.44,Y,0,Y
1310,41,6.44,Y,0,Y
1311,41,6.44,Y,0,N
1312,41,1.44,N,0,Y
1313,41,13.44,N,1,Y
1314,41,10.44,N,1,Y
1315,41,-4.5599,N,1,Y
1316,41,-8.5599,N,1,N
1317,41,0.44,N,1,Y
1318,41,2.44,N,0,Y
1319,41,-0.5599,N,0,Y
1320,41,7.44,N,1,Y
1321,41,12.44,N,0,Y
1322,41,-7.5599,N,0,Y
1323,41,-1.5599,N,1,Y
1324,41,11.44,N,0,Y
1325,41,-2.5599,N,1,Y
1326,41,-3.5599,N,1,N
1327,41,-12.559,N,0,N
1328,41,-0.5599,N,1,Y
1329,41,-5.5599,N,0,Y
1330,41,-1.5599,N,0,Y
1331,41,5.44,N,1,Y
1332,41,-6.5599,N,0,Y
1333,41,8.44,N,1,Y
1334,41,-9.5599,N,1,Y
1335,42,-7.5599,Y,0,Y
1336,42,-2.5599,Y,1,Y
1337,42,-13.559,Y,0,N
1338,42,0.44,Y,0,Y
1339,42,-0.5599,Y,0,Y
1340,42,-10.56,N,0,N
1341,42,9.44,N,1,Y
1342,42,11.44,N,1,Y
1343,42,1.44,N,1,Y
1344,42,16.44,N,1,Y
1345,42,-1.5599,N,1,Y
1346,43,1.44,Y,0,N
1347,43,-6.5599,Y,1,N
1348,43,-0.5599,Y,1,Y
1349,43,3.44,Y,0,Y
1350,43,0.44,Y,0,Y
1351,43,5.44,Y,1,Y
1352,43,6.44,Y,0,N
1353,43,2.44,Y,1,Y
1354,43,-2.5599,Y,1,Y
1355,43,-0.5599,Y,0,Y
1356,43,-11.559,Y,1,N
1357,43,17.44,Y,0,Y
1358,43,2.44,Y,1,Y
1359,43,-8.5599,Y,0,Y
1360,43,-0.5599,Y,1,Y
1361,43,11.44,Y,1,Y
1362,43,-12.559,Y,1,N
1363,43,0.44,N,1,Y
1364,43,-3.5599,N,1,Y
1365,43,0.44,N,0,N
1366,43,-13.56,N,0,N
1367,43,-5.5599,N,1,Y
1368,43,-2.5599,N,0,Y
1369,43,-9.5599,N,1,N
1370,43,-10.559,N,1,Y
1371,43,-12.559,N,0,N
1372,43,12.44,N,1,Y
1373,43,-8.5599,N,0,Y
1374,43,-10.559,N,0,N
1375,43,-5.5599,N,1,Y
1376,43,6.44,N,1,Y
1377,43,18.44,N,0,Y
1378,43,13.44,N,0,Y
1379,43,-1.5599,N,0,N
1380,43,-10.559,N,1,N
1381,43,-13.56,N,0,N
1382,43,-13.56,N,0,N
1383,43,12.44,N,1,Y
1384,43,-4.5599,N,1,Y
1385,43,-6.5599,N,1,Y
1386,43,0.44,N,0,Y
1387,43,17.44,N,1,Y
1388,43,-11.56,N,0,N
1389,43,10.44,N,1,Y
1390,43,-0.5599,N,0,N
1391,44,-7.5599,N,0,N
1392,44,13.44,N,0,Y
1393,44,16.44,N,1,Y
1394,44,0.44,N,0,Y
1395,44,5.44,N,0,Y
1396,44,2.44,N,0,Y
1397,44,-0.5599,N,0,N
1398,44,7.44,N,0,Y
1399,44,1.44,N,1,Y
1400,44,-3.5599,N,0,N
1401,44,13.44,N,0,Y
1402,44,-13.559,N,0,N
1403,44,-1.5599,N,1,Y
1404,44,-0.5599,N,0,N
1405,44,1.44,N,1,Y
1406,44,1.44,N,0,Y
1407,44,-10.559,N,0,N
1408,44,-6.56,N,0,Y
1409,44,-4.5599,N,0,Y
1410,44,18.44,N,0,N
1411,44,16.44,N,1,Y
1412,44,7.44,N,0,Y
1413,44,-10.559,N,0,N
1414,44,-2.5599,N,0,Y
1415,44,-4.5599,N,0,Y
1416,44,-3.5599,N,1,Y
1417,44,-5.56,N,0,Y
1418,45,10.44,Y,1,Y
1419,45,-7.5599,Y,0,N
1420,45,-6.5599,Y,1,Y
1421,45,-2.5599,Y,1,Y
1422,45,-9.5599,Y,1,Y
1423,45,-10.559,N,1,Y
1424,45,11.44,N,0,Y
1425,45,-10.559,N,0,Y
1426,45,1.44,N,0,Y
1427,45,10.44,N,0,N
1428,45,0.44,N,0,Y
1429,45,-3.5599,N,0,Y
1430,45,19.44,N,0,Y
1431,45,17.44,N,0,Y
1432,45,-8.5599,N,0,Y
1433,45,-6.5599,N,0,Y
1434,45,4.44,N,1,Y
1435,45,1.44,N,1,Y
1436,45,-9.5599,N,0,N
1437,45,-6.5599,N,0,Y
1438,45,4.44,N,0,Y
1439,45,-0.5599,N,1,Y
1440,45,-6.5599,N,0,Y
1441,45,-13.559,N,0,N
1442,45,-8.5599,N,0,Y
1443,45,-6.5599,N,0,Y
1444,45,-0.5599,N,1,Y
1445,45,-2.5599,N,1,Y
1446,45,-11.559,N,0,Y
1447,45,10.44,N,1,Y
1448,45,-4.5599,N,0,Y
1449,45,-4.56,N,0,Y
1450,45,-1.5599,N,1,Y
1451,45,-1.5599,N,0,N
1452,45,-12.56,N,0,N
1453,45,-10.559,N,1,Y
1454,45,1.44,N,0,Y
1455,45,5.44,N,0,Y
1456,45,-12.56,N,0,N
1457,46,13.44,Y,1,Y
1458,46,7.44,Y,1,Y
1459,46,7.44,Y,1,Y
1460,46,-1.5599,Y,1,Y
1461,46,-8.5599,Y,1,Y
1462,46,-8.5599,Y,0,N
1463,46,-0.5599,Y,1,Y
1464,46,0.44,Y,0,Y
1465,46,-10.559,Y,0,N
1466,46,7.44,Y,1,Y
1467,46,3.44,Y,0,Y
1468,46,0.44,Y,1,Y
1469,46,8.44,N,0,Y
1470,46,0.44,N,1,Y
1471,46,-11.559,N,1,Y
1472,46,-9.5599,N,0,Y
1473,46,-3.5599,N,1,Y
1474,46,10.44,N,0,Y
1475,46,-1.5599,N,1,Y
1476,46,15.44,N,0,Y
1477,46,0.44,N,1,Y
1478,46,-10.56,N,1,N
1479,46,-5.5599,N,0,Y
1480,46,-3.5599,N,1,Y
1481,46,-11.559,N,0,N
1482,46,4.44,N,1,Y
1483,46,-2.5599,N,1,Y
1484,46,-6.5599,N,0,Y
1485,46,7.44,N,1,Y
1486,46,0.44,N,0,N
1487,46,2.44,N,0,Y
1488,46,-2.5599,N,1,Y
1489,46,-4.5599,N,0,N
1490,46,-5.5599,N,0,Y
1491,46,9.44,N,0,Y
1492,46,-10.559,N,1,Y
1493,46,-11.559,N,0,N
1494,46,3.44,N,0,Y
1495,46,-2.5599,N,1,Y
1496,46,6.44,N,1,Y
1497,46,-4.5599,N,0,N
1498,46,-2.5599,N,1,Y
1499,46,16.44,N,0,Y
1500,46,-7.5599,N,1,N
1501,46,16.44,N,0,Y
1502,46,-5.5599,N,1,N
1503,46,-12.56,N,1,N
1504,46,2.44,N,1,Y
1505,46,-5.5599,N,1,Y
1506,46,-0.5599,N,1,Y
1507,46,-2.5599,N,0,Y
1508,46,7.44,N,1,Y
1509,46,-12.56,N,1,N
1510,46,2.44,N,1,Y
1511,46,15.44,N,0,Y
1512,46,-7.5599,N,1,N
1513,46,8.44,N,0,Y
1514,46,6.44,N,1,Y
1515,46,-2.5599,N,1,Y
1516,46,1.44,N,1,Y
1517,46,-6.5599,N,1,Y
1518,46,-3.5599,N,1,Y
1519,46,17.44,N,0,Y
1520,46,-0.5599,N,1,Y
1521,46,5.44,N,0,Y
1522,46,-11.559,N,0,N
1523,46,-3.5599,N,0,Y
1524,46,-12.56,N,1,N
1525,46,17.44,N,1,Y
1526,46,13.44,N,1,Y
1527,46,-9.5599,N,0,N
1528,46,6.44,N,1,Y
1529,46,-7.5599,N,0,N
1530,46,-9.5599,N,0,N
1531,46,18.44,N,0,Y
1532,46,3.44,N,0,Y
1533,46,-12.559,N,0,Y
1534,46,-11.559,N,0,N
1535,46,-0.5599,N,1,Y
1536,46,-4.5599,N,0,N
1537,46,2.44,N,0,Y
1538,46,0.44,N,1,Y
1539,46,0.44,N,0,Y
1540,46,6.44,N,0,N
1541,46,8.44,N,0,Y
1542,46,-0.5599,N,0,Y
1543,47,-0.5599,Y,1,Y
1544,47,12.44,Y,1,Y
1545,47,1.44,Y,0,N
1546,47,-11.559,Y,0,N
1547,47,-6.5599,Y,0,N
1548,47,8.44,Y,1,Y
1549,47,16.44,N,0,Y
1550,47,1.44,N,1,Y
1551,47,6.44,N,1,Y
1552,47,-9.5599,N,0,N
1553,47,8.44,N,0,Y
1554,47,8.44,N,1,Y
1555,47,8.44,N,1,N
1556,47,9.44,N,0,Y
1557,47,17.44,N,0,Y
1558,48,1.44,Y,1,Y
1559,48,-1.5599,Y,1,Y
1560,48,-4.5599,Y,0,Y
1561,48,4.44,Y,1,Y
1562,48,-5.5599,Y,0,Y
1563,48,17.44,Y,0,N
1564,48,16.44,Y,0,Y
1565,48,-6.5599,Y,1,Y
1566,48,-12.559,Y,1,N
1567,48,2.44,Y,1,Y
1568,48,-5.5599,Y,1,N
1569,48,13.44,Y,0,Y
1570,48,-11.559,Y,0,N
1571,48,-0.5599,Y,1,Y
1572,48,9.44,Y,0,Y
1573,48,-7.5599,Y,1,N
1574,48,-0.5599,N,1,Y
1575,48,-10.559,N,0,Y
1576,48,15.44,N,0,Y
1577,48,-13.559,N,0,N
1578,48,14.44,N,0,Y
1579,48,-12.559,N,0,N
1580,48,12.44,N,1,Y
1581,48,3.44,N,1,Y
1582,48,-0.5599,N,0,N
1583,48,-1.5599,N,1,Y
1584,48,0.44,N,1,Y
1585,48,11.44,N,1,Y
1586,48,2.44,N,1,Y
1587,48,17.44,N,0,Y
1588,48,-11.56,N,0,N
1589,48,-4.5599,N,1,Y
1590,48,-4.5599,N,1,Y
1591,48,-10.559,N,1,N
1592,48,5.44,N,1,Y
1593,48,14.44,N,1,Y
1594,48,-0.5599,N,0,Y
1595,48,-5.5599,N,1,Y
1596,48,-4.5599,N,0,N
1597,48,-9.5599,N,0,N
1598,48,-4.5599,N,0,N
1599,48,0.44,N,0,Y
1600,49,-12.559,N,0,N
1601,49,-9.5599,N,0,N
1602,49,-10.559,N,0,N
1603,49,2.44,N,0,Y
1604,50,4.44,Y,1,Y
1605,50,7.44,Y,1,Y
1606,50,9.44,Y,1,Y
1607,50,-12.559,Y,1,N
1608,50,1.44,N,1,Y
1609,50,3.44,N,0,Y
1610,50,8.44,N,0,Y
1611,50,-8.5599,N,0,N
1612,50,6.44,N,1,Y
1613,50,0.44,N,0,Y
1614,50,-7.5599,N,1,N
1615,50,-6.5599,N,0,N
1616,50,-10.56,N,0,N
1617,50,-8.5599,N,0,N
1618,50,-12.56,N,0,N
1619,50,9.44,N,0,Y
1620,50,15.44,N,1,Y
1621,50,0.44,N,1,Y
1622,50,-9.5599,N,0,N
1623,51,-1.5599,Y,0,Y
1624,51,6.44,Y,0,Y
1625,51,-6.5599,Y,1,Y
1626,51,-3.5599,Y,1,Y
1627,51,-6.5599,Y,0,Y
1628,51,1.44,Y,1,Y
1629,51,1.44,Y,1,Y
1630,51,-11.559,Y,0,Y
1631,51,-12.559,Y,1,Y
1632,51,-10.559,Y,1,N
1633,51,-1.5599,Y,1,Y
1634,51,12.44,Y,0,Y
1635,51,-7.5599,Y,1,Y
1636,51,-0.5599,Y,0,N
1637,51,-11.559,Y,1,Y
1638,51,-6.5599,Y,1,N
1639,51,-12.559,Y,0,N
1640,51,12.44,N,0,Y
1641,51,8.44,N,0,Y
1642,51,-12.559,N,0,N
1643,51,-7.56,N,1,Y
1644,51,-3.5599,N,0,Y
1645,51,-11.559,N,0,N
1646,51,-1.56,N,0,Y
1647,51,-4.5599,N,0,Y
1648,51,12.44,N,1,Y
1649,51,10.44,N,0,Y
1650,51,4.44,N,1,Y
1651,51,-8.5599,N,1,Y
1652,51,-7.5599,N,0,Y
1653,51,-7.56,N,1,Y
1654,51,-1.5599,N,0,Y
1655,51,-5.5599,N,1,Y
1656,51,-1.56,N,1,Y
1657,51,17.44,N,0,Y
1658,51,-9.5599,N,0,N
1659,51,-7.5599,N,0,Y
1660,52,-9.5599,Y,0,Y
1661,52,-2.5599,Y,0,N
1662,52,-11.559,Y,0,Y
1663,52,-9.5599,Y,0,Y
1664,52,-12.559,Y,0,N
1665,52,2.44,Y,1,Y
1666,52,-12.559,Y,0,N
1667,52,8.44,Y,0,Y
1668,52,-3.5599,Y,1,Y
1669,52,-11.559,Y,0,N
1670,52,14.44,Y,1,Y
1671,52,-6.5599,Y,0,Y
1672,52,-12.559,Y,0,Y
1673,52,1.44,Y,0,N
1674,52,4.44,Y,1,Y
1675,52,-12.559,Y,1,N
1676,52,-8.5599,Y,0,Y
1677,52,10.44,Y,0,Y
1678,52,-10.559,Y,0,N
1679,52,-6.5599,N,1,Y
1680,52,-5.5599,N,0,Y
1681,52,-13.559,N,1,N
1682,52,-9.5599,N,1,Y
1683,52,-10.559,N,0,N
1684,52,14.44,N,0,Y
1685,52,3.44,N,1,Y
1686,52,-13.559,N,1,N
1687,52,-7.5599,N,0,Y
1688,52,-3.5599,N,0,Y
1689,52,-0.5599,N,0,Y
1690,52,-2.5599,N,0,Y
1691,52,-3.5599,N,0,Y
1692,52,-7.5599,N,0,N
1693,52,-1.5599,N,0,Y
1694,52,13.44,N,0,Y
1695,52,-6.5599,N,1,Y
1696,52,4.44,N,1,Y
1697,52,10.44,N,1,Y
1698,52,-6.5599,N,0,Y
1699,52,-8.5599,N,0,Y
1700,52,-11.559,N,0,N
1701,52,6.44,N,0,Y
1702,52,19.44,N,0,Y
1703,52,6.44,N,1,Y
1704,52,-9.5599,N,1,Y
1705,52,14.44,N,1,Y
1706,52,3.44,N,1,Y
1707,52,-9.5599,N,1,N
1708,52,14.44,N,1,Y
1709,52,6.44,N,1,Y
1710,52,19.44,N,0,Y
1711,52,-5.56,N,0,N
1712,52,11.44,N,1,Y
1713,52,10.44,N,1,Y
1714,52,2.44,N,1,Y
1715,52,6.44,N,0,Y
1716,52,-7.5599,N,1,N
1717,52,4.44,N,1,Y
1718,52,-12.56,N,0,N
1719,52,1.44,N,1,Y
1720,52,2.44,N,1,Y
1721,53,19.44,Y,1,Y
1722,53,-9.56,Y,0,N
1723,53,10.44,Y,0,N
1724,53,-11.559,Y,0,Y
1725,53,6.44,Y,0,Y
1726,53,13.44,Y,1,Y
1727,53,4.44,Y,1,Y
1728,53,0.44,Y,1,Y
1729,53,-5.5599,Y,0,Y
1730,53,0.44,Y,0,Y
1731,53,17.44,Y,0,N
1732,53,-7.5599,Y,1,Y
1733,53,-0.5599,Y,0,N
1734,53,-0.5599,Y,0,Y
1735,53,0.44,Y,1,Y
1736,53,-1.56,Y,0,N
1737,53,1.44,Y,1,Y
1738,53,-6.5599,Y,0,Y
1739,53,-9.56,Y,1,N
1740,55,6.44,Y,0,Y
1741,55,-1.5599,Y,1,N
1742,55,4.44,Y,0,Y
1743,55,2.44,Y,0,Y
1744,55,13.44,Y,0,Y
1745,55,6.44,Y,0,Y
1746,56,13.44,Y,1,Y
1747,56,-9.5599,Y,1,N
1748,56,-9.5599,Y,0,N
1749,56,-12.559,Y,0,N
1750,56,-10.559,Y,0,Y
1751,56,6.44,Y,1,Y
1752,56,-3.5599,Y,1,N
1753,56,0.44,Y,1,Y
1754,56,-7.5599,Y,1,N
1755,56,5.44,Y,0,Y
1756,56,-8.5599,Y,1,N
1757,56,9.44,Y,1,Y
1758,56,-11.559,Y,0,Y
1759,56,16.44,Y,0,Y
1760,56,16.44,Y,0,Y
1761,56,8.44,Y,0,Y
1762,56,9.44,Y,1,Y
1763,56,-9.5599,Y,1,N
1764,56,-7.5599,Y,1,Y
1765,56,5.44,Y,1,Y
1766,56,-7.5599,Y,1,Y
1767,56,1.44,N,1,Y
1768,56,10.44,N,1,Y
1769,56,3.44,N,0,Y
1770,56,15.44,N,0,Y
1771,56,-0.5599,N,0,Y
1772,56,-12.559,N,0,N
1773,56,-8.5599,N,1,Y
1774,56,-2.5599,N,1,N
1775,56,-1.5599,N,1,Y
1776,56,-1.5599,N,0,Y
1777,56,17.44,N,1,Y
1778,56,-11.559,N,0,N
1779,56,1.44,N,1,Y
1780,56,-13.559,N,1,N
1781,56,5.44,N,0,Y
1782,56,-11.559,N,0,N
1783,56,-4.5599,N,1,Y
1784,56,-8.5599,N,0,N
1785,56,12.44,N,1,Y
1786,56,-8.5599,N,1,N
1787,56,-8.5599,N,0,N
1788,56,9.44,N,1,Y
1789,56,-10.559,N,0,N
1790,56,-2.5599,N,1,Y
1791,57,-0.5599,Y,0,Y
1792,57,4.44,Y,1,Y
1793,57,3.44,Y,0,Y
1794,57,17.44,Y,0,Y
1795,57,3.44,N,1,Y
1796,57,0.44,N,0,Y
1797,57,18.44,N,0,Y
1798,57,2.44,N,0,Y
1799,57,3.44,N,1,Y
1800,57,-1.5599,N,0,Y
1801,57,-9.5599,N,0,N
1802,57,14.4399,N,0,Y
1803,57,-6.5599,N,0,N
1804,57,18.44,N,1,Y
1805,57,-1.5599,N,0,Y
1806,57,2.44,N,0,Y
1807,57,0.44,N,0,Y
1808,57,-5.5599,N,0,N
1809,57,10.44,N,0,Y
1810,57,-7.5599,N,0,N
1811,57,-1.5599,N,0,Y
1812,57,-6.5599,N,0,N
1813,57,5.44,N,1,Y
1814,57,-9.5599,N,0,N
1815,57,-9.5599,N,0,N
1816,57,6.44,N,0,Y
1817,57,-6.5599,N,0,N
1818,58,4.44,Y,0,N
1819,58,16.44,Y,1,Y
1820,58,-11.559,Y,0,N
1821,58,-9.5599,Y,0,N
1822,58,0.44,Y,1,Y
1823,58,19.44,Y,0,Y
1824,58,19.44,Y,0,Y
1825,58,0.44,Y,0,Y
1826,58,3.44,Y,1,Y
1827,58,3.44,Y,0,Y
1828,58,14.44,Y,1,Y
1829,58,17.44,Y,0,Y
1830,58,-7.5599,Y,0,Y
1831,58,-8.5599,N,1,N
1832,58,-6.5599,N,0,Y
1833,58,18.44,N,1,Y
1834,58,15.44,N,1,Y
1835,58,15.44,N,0,Y
1836,58,-8.5599,N,1,N
1837,58,-9.5599,N,1,N
1838,58,-1.5599,N,1,Y
1839,58,1.44,N,1,Y
1840,58,-11.559,N,0,N
1841,58,-12.559,N,0,N
1842,58,-7.5599,N,0,N
1843,58,-3.5599,N,0,Y
1844,58,-8.5599,N,0,Y
1845,58,-0.5599,N,0,N
1846,58,10.44,N,0,Y
1847,58,-5.5599,N,1,Y
1848,58,-5.5599,N,1,Y
1849,58,-2.5599,N,1,N
1850,58,3.44,N,1,Y
1851,59,-9.5599,N,0,Y
1852,59,2.44,N,0,Y
1853,59,-10.559,N,0,Y
1854,59,10.44,N,0,Y
1855,59,-12.56,N,0,N
1856,59,-8.5599,N,1,Y
1857,59,-12.56,N,0,N
1858,59,-8.5599,N,0,Y
1859,59,11.44,N,0,Y
1860,59,4.44,N,0,Y
1861,60,-13.56,Y,0,N
1862,60,10.44,Y,0,Y
1863,60,-7.5599,Y,0,N
1864,60,10.44,Y,0,N
1865,60,-8.5599,Y,1,N
1866,60,6.44,Y,1,Y
1867,60,-8.5599,Y,0,N
1868,60,-8.5599,Y,0,Y
1869,60,-1.5599,Y,1,Y
1870,60,-3.5599,Y,0,Y
1871,60,4.44,N,0,Y
1872,60,-7.56,N,1,Y
1873,60,17.44,N,0,Y
1874,60,2.44,N,0,Y
1875,60,0.44,N,0,Y
1876,60,-0.5599,N,1,Y
1877,60,7.44,N,0,Y
1878,60,-3.5599,N,0,N
1879,60,2.44,N,1,Y
1880,60,-10.559,N,0,N
1881,60,-13.559,N,0,N
1882,60,0.44,N,0,Y
1883,60,-4.5599,N,0,Y
1884,60,-11.559,N,0,N
1885,60,-9.5599,N,0,N
1886,60,-11.559,N,0,N
1887,60,-5.5599,N,0,Y
1888,60,16.44,N,0,Y
1889,60,-12.559,N,0,N
1890,60,7.44,N,1,Y
1891,60,-7.5599,N,0,N
1892,60,-0.5599,N,0,Y
1893,61,-9.5599,Y,1,Y
1894,61,10.44,Y,0,Y
1895,61,-12.56,Y,0,N
1896,61,-8.5599,Y,0,N
1897,61,8.44,Y,0,Y
1898,61,-9.5599,Y,1,Y
1899,61,-3.5599,Y,1,Y
1900,61,-12.56,Y,0,N
1901,61,12.44,Y,0,Y
1902,61,0.44,Y,0,Y
1903,61,-9.5599,Y,0,N
1904,61,6.44,N,0,Y
1905,61,-9.5599,N,1,N
1906,61,5.44,N,0,Y
1907,61,11.44,N,0,Y
1908,61,-2.5599,N,0,Y
1909,61,-7.5599,N,0,Y
1910,61,-5.5599,N,0,Y
1911,61,-8.5599,N,0,Y
1912,61,19.44,N,0,Y
1913,61,0.44,N,0,Y
1914,61,8.44,N,0,Y
1915,61,-7.5599,N,0,Y
1916,61,1.44,N,1,Y
1917,61,-9.5599,N,0,N
1918,61,-0.5599,N,1,Y
1919,61,-9.5599,N,0,Y
1920,61,-10.559,N,1,N
1921,61,11.44,N,0,Y
1922,61,8.44,N,0,Y
1923,61,-11.559,N,1,N
1924,61,1.44,N,0,Y
1925,61,-5.56,N,0,Y
1926,61,14.44,N,0,Y
1927,61,19.44,N,0,Y
1928,61,-9.5599,N,1,Y
1929,61,-2.5599,N,0,Y
1930,61,14.44,N,0,Y
1931,61,-4.5599,N,0,Y
1932,61,14.44,N,0,Y
1933,61,-13.56,N,0,N
1934,61,10.44,N,0,Y
