"","PopF","indivF","CSF"
"AMf01_1","AM","AMf01",42.5142727556524
"AMf01_2","AM","AMf01",41.9788245377849
"AMf01_3","AM","AMf01",42.0684157432656
"AMf02_1","AM","AMf02",42.4069421713761
"AMf02_2","AM","AMf02",41.0625050243847
"AMf02_3","AM","AMf02",42.1814209167256
"AMf03_1","AM","AMf03",43.0825650155139
"AMf03_2","AM","AMf03",43.8775709791406
"AMf03_3","AM","AMf03",41.7418417880511
"AMf04_1","AM","AMf04",42.1583585738652
"AMf04_2","AM","AMf04",41.5298020478982
"AMf04_3","AM","AMf04",42.12564806794
"AMf05_1","AM","AMf05",41.8240180777104
"AMf05_2","AM","AMf05",43.1116458335592
"AMf05_3","AM","AMf05",41.794938636253
"AMf06_1","AM","AMf06",40.6474588496435
"AMf06_2","AM","AMf06",40.3113974447518
"AMf06_3","AM","AMf06",39.8302779960794
"AMf07_1","AM","AMf07",40.4954077893526
"AMf07_2","AM","AMf07",40.3815983241813
"AMf07_3","AM","AMf07",39.4007063951164
"AMf08_1","AM","AMf08",40.9952151240525
"AMf08_2","AM","AMf08",40.909789679605
"AMf08_3","AM","AMf08",42.5081626379044
"AMf09_1","AM","AMf09",44.5519463005069
"AMf09_2","AM","AMf09",41.6731325372722
"AMf09_3","AM","AMf09",45.3142621733191
"AMf10_1","AM","AMf10",41.707577011185
"AMf10_2","AM","AMf10",38.8242093485902
"AMf10_3","AM","AMf10",36.7031567726539
"AMf11_1","AM","AMf11",41.3954064540268
"AMf11_2","AM","AMf11",43.6947970107338
"AMf11_3","AM","AMf11",41.1222571462226
"AMf12_1","AM","AMf12",43.8032068445449
"AMf12_2","AM","AMf12",42.931154611265
"AMf12_3","AM","AMf12",44.7777325082916
"AMf13_1","AM","AMf13",46.8959383832823
"AMf13_2","AM","AMf13",46.2590725456116
"AMf13_3","AM","AMf13",46.3852676990992
"AMf14_1","AM","AMf14",43.0976644644235
"AMf14_2","AM","AMf14",42.0462109403519
"AMf14_3","AM","AMf14",44.298902117404
"AMf15_1","AM","AMf15",42.7351150016616
"AMf15_2","AM","AMf15",43.0485792077129
"AMf15_3","AM","AMf15",44.0426644776955
"AMf16_1","AM","AMf16",38.9928952389131
"AMf16_2","AM","AMf16",40.6252864131049
"AMf16_3","AM","AMf16",40.4198777479477
"AMf17_1","AM","AMf17",38.2150881680165
"AMf17_2","AM","AMf17",38.6602244504322
"AMf17_3","AM","AMf17",38.5624828095741
"AMf18_1","AM","AMf18",38.7895577273466
"AMf18_2","AM","AMf18",39.9189316674044
"AMf18_3","AM","AMf18",40.5951980772657
"AMf19_1","AM","AMf19",39.0204181115355
"AMf19_2","AM","AMf19",41.7034498642541
"AMf19_3","AM","AMf19",41.3933372183355
"AMf20_1","AM","AMf20",43.1386561779196
"AMf20_2","AM","AMf20",46.1566252675814
"AMf20_3","AM","AMf20",42.804341741319
"AMf21_1","AM","AMf21",44.5817796431033
"AMf21_2","AM","AMf21",41.4382397042813
"AMf21_3","AM","AMf21",42.1810304544458
"AMf22_1","AM","AMf22",44.3766532591832
"AMf22_2","AM","AMf22",43.0061418386201
"AMf22_3","AM","AMf22",45.8106216300365
"AMf23_1","AM","AMf23",47.5873870865884
"AMf23_2","AM","AMf23",44.2387841443373
"AMf23_3","AM","AMf23",42.1986110812482
"AMf24_1","AM","AMf24",40.8766338726535
"AMf24_2","AM","AMf24",40.7657608500309
"AMf24_3","AM","AMf24",33.4163775785494
"AMf25_1","AM","AMf25",36.8066693164971
"AMf25_2","AM","AMf25",35.5933921190139
"AMf25_3","AM","AMf25",32.808719888729
"AMf26_1","AM","AMf26",40.6964252842628
"AMf26_2","AM","AMf26",42.9642562066382
"AMf26_3","AM","AMf26",40.3382736445546
"AMf27_1","AM","AMf27",43.4203429812939
"AMf27_2","AM","AMf27",41.1028474803797
"AMf27_3","AM","AMf27",40.6904700451296
"AMf28_1","AM","AMf28",42.9513017471321
"AMf28_2","AM","AMf28",42.3368226696109
"AMf28_3","AM","AMf28",41.4693093599383
"AMf29_1","AM","AMf29",41.8095972052503
"AMf29_2","AM","AMf29",42.3281340803836
"AMf29_3","AM","AMf29",39.7498243375775
"AMf30_1","AM","AMf30",36.2731874660193
"AMf30_2","AM","AMf30",40.6181096165884
"AMf30_3","AM","AMf30",39.1380605003919
"COf01_1","CO","COf01",46.3676476507062
"COf01_2","CO","COf01",45.4250618533272
"COf01_3","CO","COf01",45.7748074192295
"COf02_1","CO","COf02",41.5170192426937
"COf02_2","CO","COf02",44.870698400405
"COf02_3","CO","COf02",44.5728528010276
"COf03_1","CO","COf03",39.041474104784
"COf03_2","CO","COf03",39.8963045745042
"COf03_3","CO","COf03",39.9712476109202
"COf04_1","CO","COf04",44.3795540252068
"COf04_2","CO","COf04",43.730178541272
"COf04_3","CO","COf04",40.1335652271608
"COf05_1","CO","COf05",47.928130890535
"COf05_2","CO","COf05",47.5171892795374
"COf05_3","CO","COf05",44.999298420056
"COf06_1","CO","COf06",37.9554747593782
"COf06_2","CO","COf06",35.6483145907813
"COf06_3","CO","COf06",36.1520200418107
"COf07_1","CO","COf07",42.2232667061417
"COf07_2","CO","COf07",38.8634653589105
"COf08_1","CO","COf08",40.0733750770563
"COf08_2","CO","COf08",39.0015821468212
"COf08_3","CO","COf08",37.9111430114421
"COf09_1","CO","COf09",39.7574071032601
"COf09_2","CO","COf09",38.3511268253023
"COf09_3","CO","COf09",39.3369759885012
"COf10_1","CO","COf10",41.7365461925332
"COf10_2","CO","COf10",41.2306962623577
"COf11_1","CO","COf11",43.1781642892282
"COf11_2","CO","COf11",44.5515793425855
"COf11_3","CO","COf11",44.1002227112442
"COf12_1","CO","COf12",40.8126949467205
"COf12_2","CO","COf12",39.9822079384537
"COf12_3","CO","COf12",39.9438460006948
"COf13_1","CO","COf13",45.6507079427385
"COf13_2","CO","COf13",41.2096205193665
"COf13_3","CO","COf13",44.2808823717817
"COf14_1","CO","COf14",42.3012529481328
"COf14_2","CO","COf14",43.1269329666974
"COf14_3","CO","COf14",40.6810070959913
"COf15_1","CO","COf15",40.3658478016743
"COf15_2","CO","COf15",42.5394009545439
"COf15_3","CO","COf15",36.8559605177813
"COf16_1","CO","COf16",44.5938571442069
"COf16_2","CO","COf16",44.2049650338703
"COf16_3","CO","COf16",43.5716913057638
"COf17_1","CO","COf17",46.0622262278581
"COf17_2","CO","COf17",48.8235139321436
"COf17_3","CO","COf17",47.4763997915717
"COf18_1","CO","COf18",41.6157170038676
"COf18_2","CO","COf18",40.7338617952176
"COf19_1","CO","COf19",42.4907804237436
"COf19_2","CO","COf19",48.4396144936838
"COf19_3","CO","COf19",42.4882577495611
"COf20_1","CO","COf20",41.8739270525764
"COf20_2","CO","COf20",40.4361815906137
"COf20_3","CO","COf20",39.4292925814077
"COf21_1","CO","COf21",42.5059918490124
"COf21_2","CO","COf21",40.2788488244675
"COf21_3","CO","COf21",42.1914355572141
"COf22_1","CO","COf22",48.5273322292644
"COf22_2","CO","COf22",48.3149366881043
"COf22_3","CO","COf22",49.2457156018999
"COf23_1","CO","COf23",44.8422569915316
"COf23_2","CO","COf23",46.393118537104
"COf23_3","CO","COf23",46.8331832122919
"COf24_1","CO","COf24",44.613218082699
"COf24_2","CO","COf24",46.9837548106356
"COf24_3","CO","COf24",45.1616667912634
"COf25_1","CO","COf25",45.326766511098
"COf25_2","CO","COf25",45.5145472045296
"COf25_3","CO","COf25",42.722896082804
"COf26_1","CO","COf26",43.0674764210214
"COf26_2","CO","COf26",45.4098219902134
"COf26_3","CO","COf26",45.4455768104027
"COf27_1","CO","COf27",43.591615985436
"COf27_2","CO","COf27",45.1262045514955
"COf27_3","CO","COf27",44.6006187116693
"COf28_1","CO","COf28",50.1765150351436
"COf28_2","CO","COf28",48.5280033745917
"COf28_3","CO","COf28",49.5988351850679
"COf29_1","CO","COf29",41.4133046560458
"COf29_2","CO","COf29",41.6173131241176
"COf29_3","CO","COf29",41.0847295288744
"COf30_1","CO","COf30",41.1775532040908
"COf30_2","CO","COf30",42.8048591813472
"COf30_3","CO","COf30",44.0176651607043
"LYf01_1","LY","LYf01",61.5396104972276
"LYf01_2","LY","LYf01",60.3664257372768
"LYf02_1","LY","LYf02",61.6416279415065
"LYf02_2","LY","LYf02",58.7566848792095
"LYf02_3","LY","LYf02",63.5847924526559
"LYf03_1","LY","LYf03",66.8179021405906
"LYf03_2","LY","LYf03",58.6241891216947
"LYf04_1","LY","LYf04",66.1453768262324
"LYf04_2","LY","LYf04",57.986538498794
"LYf04_3","LY","LYf04",61.3727501171252
"LYf05_1","LY","LYf05",63.8393660155192
"LYf05_2","LY","LYf05",59.5012797603023
"LYf05_3","LY","LYf05",66.5589232654863
"LYf06_1","LY","LYf06",54.8273762972844
"LYf06_2","LY","LYf06",56.2943354897301
"LYf06_3","LY","LYf06",53.1530601519801
"LYf07_1","LY","LYf07",59.1037851412419
"LYf07_2","LY","LYf07",59.5086743978537
"LYf07_3","LY","LYf07",62.8025207579214
"LYf08_1","LY","LYf08",65.5253769644712
"LYf08_2","LY","LYf08",60.9985445248297
"LYf08_3","LY","LYf08",69.369952209113
"LYf09_1","LY","LYf09",69.2471391667594
"LYf09_2","LY","LYf09",71.378159011665
"LYf09_3","LY","LYf09",63.8245957114334
"LYf10_1","LY","LYf10",58.4307866950044
"LYf10_2","LY","LYf10",58.668554640465
"LYf10_3","LY","LYf10",53.1504331537654
"LYf11_1","LY","LYf11",61.2091415747578
"LYf11_2","LY","LYf11",62.6556381090132
"LYf11_3","LY","LYf11",63.1595480820784
"LYf12_1","LY","LYf12",56.4000159055837
"LYf12_2","LY","LYf12",57.7479286713841
"LYf12_3","LY","LYf12",54.8089965645688
"LYf13_1","LY","LYf13",61.7599758125108
"LYf13_2","LY","LYf13",56.7384965468401
"LYf17_1","LY","LYf17",68.6093739142189
"LYf17_2","LY","LYf17",70.9795192852297
"LYf17_3","LY","LYf17",69.2823971729729
"LYf18_1","LY","LYf18",53.2053345799025
"LYf18_2","LY","LYf18",61.3845274105147
"LYf19_1","LY","LYf19",64.2542950308999
"LYf19_2","LY","LYf19",62.4461123724049
"LYf20_1","LY","LYf20",65.6775263659687
"LYf20_2","LY","LYf20",65.1529267383882
"LYf20_3","LY","LYf20",62.9154217417911
"LYf22_1","LY","LYf22",60.3500404360336
"LYf22_2","LY","LYf22",62.5925080318578
"LYf25_1","LY","LYf25",55.4309500859493
"LYf26_1","LY","LYf26",48.4941663003309
"LYf27_1","LY","LYf27",54.6840384679558
"LYf28_1","LY","LYf28",61.1352210202466
"LYf28_2","LY","LYf28",56.2454197859938
"LYf28_3","LY","LYf28",62.4464643326159
"LYf29_1","LY","LYf29",59.6395470198752
"LYf29_2","LY","LYf29",57.1192756460688
"LYf30_1","LY","LYf30",59.0441963056523
"LYf30_2","LY","LYf30",61.0613101161346
"LYf30_3","LY","LYf30",58.6986115013879
"LYf31_1","LY","LYf31",57.7015844966535
"LYf31_2","LY","LYf31",59.4507792182056
"LYf31_3","LY","LYf31",57.8736390737739
"LYf32_1","LY","LYf32",56.252431511145
"LYf32_2","LY","LYf32",57.8522214394179
"LYf32_3","LY","LYf32",58.7031021756744
"LYf33_1","LY","LYf33",55.3259913600313
"LYf33_2","LY","LYf33",62.1821524326119
"LYf33_3","LY","LYf33",61.3136092907979
"LYf34_1","LY","LYf34",67.1637821867858
"LYf34_2","LY","LYf34",65.9834471224291
"LYf34_3","LY","LYf34",69.3781743582077
"LYf35_1","LY","LYf35",58.305641815381
"LYf35_2","LY","LYf35",56.8675606701912
"LYf35_3","LY","LYf35",56.9785407611645
"LYf36_1","LY","LYf36",61.9133207624376
"LYf36_2","LY","LYf36",60.6438858924403
"LYf36_3","LY","LYf36",60.1281128681526
"LYf37_1","LY","LYf37",62.5605331575986
"LYf37_2","LY","LYf37",64.3663590204026
"LYf37_3","LY","LYf37",66.3006356289241
"LYf38_1","LY","LYf38",67.2519431926637
"LYf38_2","LY","LYf38",64.5177838961561
"LYf38_3","LY","LYf38",69.5419360335472
"LYf39_1","LY","LYf39",56.385720846733
"LYf39_2","LY","LYf39",58.6469455265251
"LYf39_3","LY","LYf39",58.9909256917013
"LYf40_1","LY","LYf40",57.6434659574841
"LYf40_2","LY","LYf40",67.4666827836739
"LYf40_3","LY","LYf40",61.9725193380089
"LYf41_1","LY","LYf41",52.3363849870516
"LYf41_2","LY","LYf41",57.0272407140214
"LYf41_3","LY","LYf41",53.7422066624219
"LYf42_1","LY","LYf42",53.3518581613397
"LYf42_2","LY","LYf42",57.0786815077915
"LYf42_3","LY","LYf42",60.8205776631376
"LYf43_1","LY","LYf43",59.1159314781546
"LYf43_2","LY","LYf43",57.3603103896556
"LYf43_3","LY","LYf43",60.2876903422128
"LYf44_1","LY","LYf44",65.454389309876
"LYf44_2","LY","LYf44",64.7623007059185
"LYf44_3","LY","LYf44",64.0037796081727
"LYf45_1","LY","LYf45",50.5396322192616
"LYf45_2","LY","LYf45",55.5476262459758
"LYf45_3","LY","LYf45",57.1509237785253
"LYf46_1","LY","LYf46",69.2225095552382
"LYf46_2","LY","LYf46",66.6930866515221
"LYf47_1","LY","LYf47",62.2748125191278
"LYf47_2","LY","LYf47",60.5460428137508
"LYf47_3","LY","LYf47",59.779725551141
"LYf48_1","LY","LYf48",57.7014813806672
"LYf48_2","LY","LYf48",60.0590778046566
"LYf48_3","LY","LYf48",60.2580273626503
"LYf49_1","LY","LYf49",60.9678129221186
"LYf49_2","LY","LYf49",62.6794322005344
"LYf49_3","LY","LYf49",53.9042100227949
"LYf50_1","LY","LYf50",64.3354215932655
"LYf50_2","LY","LYf50",67.4788338527886
"LYf50_3","LY","LYf50",67.1145650395595
"LYf51_1","LY","LYf51",66.999285825223
"LYf51_2","LY","LYf51",63.3416207611604
"LYf51_3","LY","LYf51",60.2391604213259
"LYf52_1","LY","LYf52",56.6563303231159
"LYf52_2","LY","LYf52",55.377904209013
"LYf52_3","LY","LYf52",56.1614143490459
"LYf53_1","LY","LYf53",59.7856640306329
"LYf53_2","LY","LYf53",54.3299376321926
"LYf53_3","LY","LYf53",56.8442835706144
"LYf54_1","LY","LYf54",61.7758625728392
"LYf54_2","LY","LYf54",61.7717159673097
"LYf54_3","LY","LYf54",61.3555861207583
"LYf55_1","LY","LYf55",60.5283791455665
"LYf55_2","LY","LYf55",63.0446437234565
"LYf56_1","LY","LYf56",54.7856297133714
"LYf56_2","LY","LYf56",54.1144144324162
"LYf56_3","LY","LYf56",54.5975167680594
"LYf57_1","LY","LYf57",55.8980117431832
"LYf57_2","LY","LYf57",60.7459587217059
"LYf57_3","LY","LYf57",65.2198921286442
"LYf58_1","LY","LYf58",63.0119402234907
"LYf58_2","LY","LYf58",63.880602017635
"LYf58_3","LY","LYf58",64.3096823332187
"MCf01_1","MC","MCf01",45.1231473715313
"MCf01_2","MC","MCf01",43.2891791962564
"MCf01_3","MC","MCf01",45.0280616695994
"MCf02_1","MC","MCf02",47.0392330647115
"MCf02_2","MC","MCf02",45.4079395982022
"MCf02_3","MC","MCf02",47.5232086888059
"MCf03_1","MC","MCf03",44.9595238594522
"MCf03_2","MC","MCf03",43.5403271064127
"MCf03_3","MC","MCf03",42.668362203344
"MCf04_1","MC","MCf04",48.6838717665226
"MCf04_2","MC","MCf04",46.819678391659
"MCf04_3","MC","MCf04",47.1793305213577
"MCf05_1","MC","MCf05",49.5945375382979
"MCf05_2","MC","MCf05",50.4423425816431
"MCf05_3","MC","MCf05",46.6509016083547
"MCf06_1","MC","MCf06",48.2834648011863
"MCf06_2","MC","MCf06",45.3889712392103
"MCf06_3","MC","MCf06",45.7015349839662
"MCf07_1","MC","MCf07",50.789638825788
"MCf07_2","MC","MCf07",48.4752908021531
"MCf07_3","MC","MCf07",47.230392567972
"MCf08_1","MC","MCf08",43.9726031418679
"MCf08_2","MC","MCf08",43.0284145140082
"MCf08_3","MC","MCf08",47.2694738541513
"MCf09_1","MC","MCf09",49.2310579865271
"MCf09_2","MC","MCf09",48.4268927426278
"MCf09_3","MC","MCf09",47.1059934699816
"MCf10_1","MC","MCf10",43.4448787354951
"MCf10_2","MC","MCf10",43.7889108792289
"MCf10_3","MC","MCf10",40.3568291501327
"MCf11_1","MC","MCf11",48.4954766900772
"MCf11_2","MC","MCf11",47.1872628148343
"MCf11_3","MC","MCf11",43.1073558993268
"MCf12_1","MC","MCf12",48.1614677195233
"MCf12_2","MC","MCf12",44.7788153460625
"MCf12_3","MC","MCf12",48.2784650451336
"MCf13_1","MC","MCf13",47.5570559250571
"MCf13_2","MC","MCf13",46.4890066217411
"MCf13C_3","MC","MCf13",47.0722285437674
"MCf14_1","MC","MCf14",45.5378380766762
"MCf14_2","MC","MCf14",44.6060033480159
"MCf14_3","MC","MCf14",45.3366749407705
"MCf15_1","MC","MCf15",51.6874253086913
"MCf15_2","MC","MCf15",49.0119436077309
"MCf15_3","MC","MCf15",50.1491658035004
"MCf16_1","MC","MCf16",45.9195309210544
"MCf16_2","MC","MCf16",47.9493401652273
"MCf16_3","MC","MCf16",46.8122757198589
"MCf17_1","MC","MCf17",51.5820682221489
"MCf17_2","MC","MCf17",51.3709843838308
"MCf17_3","MC","MCf17",52.5186986535591
"MCf18_1","MC","MCf18",43.6090978386563
"MCf18_2","MC","MCf18",42.3957020347369
"MCf18_3","MC","MCf18",39.5904610135089
"MCf19_1","MC","MCf19",47.7704343699842
"MCf19_2","MC","MCf19",50.2237065989443
"MCf19_3","MC","MCf19",48.4788554300412
"MCf20_1","MC","MCf20",47.4148015981059
"MCf20_2","MC","MCf20",45.8912630548431
"MCf20_3","MC","MCf20",47.2905203681542
"MCf21_1","MC","MCf21",48.5807816350752
"MCf21_2","MC","MCf21",48.8689716579137
"MCf21_3","MC","MCf21",48.5250410667981
"MCf22_1","MC","MCf22",48.5894585966447
"MCf22_2","MC","MCf22",48.7783374864108
"MCf22_3","MC","MCf22",46.1229868360436
"MCf23_1","MC","MCf23",44.4218620502211
"MCf23_2","MC","MCf23",45.8175934928346
"MCf23_3","MC","MCf23",44.3018519142666
"MCf24_1","MC","MCf24",40.2069334146572
"MCf24_2","MC","MCf24",42.1105035121784
"MCf24_3","MC","MCf24",42.3305880793566
"MCf25_1","MC","MCf25",40.16157117527
"MCf25_2","MC","MCf25",38.9648592848503
"MCf25_3","MC","MCf25",39.4990386006887
"MCf26_1","MC","MCf26",48.7298119353539
"MCf26_2","MC","MCf26",48.063712910283
"MCf26_3","MC","MCf26",49.025482384427
"MCf27_1","MC","MCf27",48.6337224210845
"MCf27_2","MC","MCf27",48.0291035324929
"MCf27_3","MC","MCf27",46.867129483038
"MCf28_1","MC","MCf28",47.5779305520362
"MCf28_2","MC","MCf28",49.0763704766887
"MCf28_3","MC","MCf28",48.7851908935567
"MCf29_1","MC","MCf29",49.5483762004719
"MCf29_2","MC","MCf29",47.7486371959009
"MCf29_3","MC","MCf29",46.8631410918093
"MCf30_1","MC","MCf30",47.4124658129866
"MCf30_2","MC","MCf30",48.80368834319
"MCf30_3","MC","MCf30",47.9036646338204
"MCf31_1","MC","MCf31",44.2322474686321
"MCf31_2","MC","MCf31",45.0692591170345
"MCf31_3","MC","MCf31",44.5691708246627
"MCf32_1","MC","MCf32",44.8362946552556
"MCf32_2","MC","MCf32",44.2247293674139
"MCf32_3","MC","MCf32",43.921570082053
"MCf33_1","MC","MCf33",47.4854195216848
"MCf33_2","MC","MCf33",47.2507533728182
"MCf33_3","MC","MCf33",44.656591723358
"MCf34_1","MC","MCf34",48.8841749260819
"MCf34_2","MC","MCf34",48.0640295078107
"MCf34_3","MC","MCf34",47.5128167731105
"MCf35_1","MC","MCf35",42.3048107285107
"MCf35_2","MC","MCf35",44.5965209068513
"MCf35_3","MC","MCf35",43.8673431480825
"MCf36_1","MC","MCf36",44.6059543620627
"MCf36_2","MC","MCf36",43.6567049534887
"MCf36_3","MC","MCf36",44.6009023511086
"MCf37_1","MC","MCf37",43.99276257711
"MCf37_2","MC","MCf37",43.2786349220458
"MCf37_3","MC","MCf37",44.2950927082828
"PPf01_1","PP","PPf01",61.0288641428021
"PPf01_2","PP","PPf01",60.3395367077855
"PPf01_3","PP","PPf01",59.9314701209186
"PPf02_1","PP","PPf02",64.2742591574521
"PPf02_2","PP","PPf02",64.6842171060224
"PPf02_3","PP","PPf02",63.4611654994506
"PPf03_1","PP","PPf03",59.0556955827274
"PPf03_2","PP","PPf03",64.3336897212292
"PPf03_3","PP","PPf03",64.7921746366365
"PPf04_1","PP","PPf04",56.0597083294442
"PPf04_2","PP","PPf04",57.2614672763851
"PPf04_3","PP","PPf04",57.7576360782165
"PPf05_1","PP","PPf05",56.9561369103351
"PPf05_2","PP","PPf05",57.9930925863215
"PPf05_3","PP","PPf05",56.2184227751882
"PPf06_1","PP","PPf06",56.8447784349716
"PPf06_2","PP","PPf06",54.6795052616067
"PPf06_3","PP","PPf06",58.6246283834297
"PPf07_1","PP","PPf07",59.1087022331654
"PPf07_2","PP","PPf07",59.827792365845
"PPf07_3","PP","PPf07",60.2755475236574
"PPf08_1","PP","PPf08",62.7809725761786
"PPf08_2","PP","PPf08",62.3453202554606
"PPf08_3","PP","PPf08",64.3537955769247
"PPf09_1","PP","PPf09",59.5331364898407
"PPf09_2","PP","PPf09",63.8144391955682
"PPf09_3","PP","PPf09",63.6667061755738
"PPf10_1","PP","PPf10",58.4896150154831
"PPf10_2","PP","PPf10",57.8579505081521
"PPf10_3","PP","PPf10",56.4003945392276
"PPf11_1","PP","PPf11",63.3473169768989
"PPf11_2","PP","PPf11",62.9355333313373
"PPf11_3","PP","PPf11",63.05764998818
"PPf12_1","PP","PPf12",62.6011262830676
"PPf12_2","PP","PPf12",63.5920949104674
"PPf12_3","PP","PPf12",63.3279120316983
"PPf13_1","PP","PPf13",59.5975890472473
"PPf13_2","PP","PPf13",64.4369199439933
"PPf13_3","PP","PPf13",62.3535725356431
"PPf14_1","PP","PPf14",59.9515171169466
"PPf14_2","PP","PPf14",63.200182589393
"PPf14_3","PP","PPf14",66.5678721826851
"PPf15_1","PP","PPf15",64.3032693429923
"PPf15_2","PP","PPf15",63.3834271134698
"PPf15_3","PP","PPf15",63.0950725368997
"PPf16_1","PP","PPf16",64.5489360977454
"PPf16_2","PP","PPf16",67.4753720706095
"PPf16_3","PP","PPf16",66.7762220090384
"PPf17_1","PP","PPf17",65.865974704694
"PPf17_2","PP","PPf17",63.6926128454933
"PPf17_3","PP","PPf17",64.6517754447978
"PPf18_1","PP","PPf18",68.5583892118421
"PPf18_2","PP","PPf18",70.1024789588596
"PPf18_3","PP","PPf18",68.0560390522275
"PPf19_1","PP","PPf19",70.2819340648297
"PPf19_2","PP","PPf19",71.194808030573
"PPf20_1","PP","PPf20",69.8478735661998
"PPf20_2","PP","PPf20",67.6721471172182
"PPf20_3","PP","PPf20",71.0131597060517
"PPf21_1","PP","PPf21",62.4702885981516
"PPf21_2","PP","PPf21",62.8127917070546
"PPf21_3","PP","PPf21",62.5746558539013
"PPf22_1","PP","PPf22",74.055791151328
"PPf22_2","PP","PPf22",72.9315720776524
"PPf22_3","PP","PPf22",70.5407962336605
"PPf23_1","PP","PPf23",60.2595124737028
"PPf23_2","PP","PPf23",58.4106331421418
"PPf23_3","PP","PPf23",59.484525213391
"PPf24_1","PP","PPf24",56.347186860301
"PPf24_2","PP","PPf24",57.158445275628
"PPf24_3","PP","PPf24",57.9328751928998
"PPf25_1","PP","PPf25",57.6133598081
"PPf25_2","PP","PPf25",58.5139888272674
"PPf25_3","PP","PPf25",60.0753543793128
"PPf26_1","PP","PPf26",65.50235253166
"PPf26_2","PP","PPf26",63.1437195577653
"PPf26_3","PP","PPf26",66.022097405003
"PPf27_1","PP","PPf27",66.3846745532052
"PPf27_2","PP","PPf27",66.0149611780833
"PPf27_3","PP","PPf27",65.2050553012575
"PPf28_1","PP","PPf28",60.7196866887082
"PPf28_2","PP","PPf28",60.8888905579868
"PPf28_3","PP","PPf28",59.5428176776329
"PPf29_1","PP","PPf29",65.7449608615257
"PPf29_2","PP","PPf29",65.4286998010216
"PPf30_1","PP","PPf30",62.4746106253434
"PPf30_2","PP","PPf30",63.2519649039564
"PPf30_3","PP","PPf30",60.9858476744097
"RPf01_1","RP","RPf01",45.9691564982274
"RPf01_2","RP","RPf01",45.9780178268618
"RPf01_3","RP","RPf01",48.4071435432611
"RPf02_1","RP","RPf02",42.4342336221729
"RPf02_2","RP","RPf02",42.3595815682615
"RPf02_3","RP","RPf02",42.2217211039975
"RPf03_1","RP","RPf03",47.9425811994288
"RPf03_2","RP","RPf03",45.7658471592267
"RPf03_3","RP","RPf03",47.6122251159827
"RPf04_1","RP","RPf04",43.7277845372342
"RPf04_2","RP","RPf04",43.4910997462276
"RPf04_3","RP","RPf04",42.5902478126271
"RPf05_1","RP","RPf05",42.8400173228956
"RPf05_2","RP","RPf05",41.7417246378644
"RPf05_3","RP","RPf05",43.2253340135709
"RPf06_1","RP","RPf06",41.6308427559632
"RPf06_2","RP","RPf06",43.8388929999749
"RPf06_3","RP","RPf06",42.0829030901639
"RPf07_1","RP","RPf07",45.0509343422039
"RPf07_2","RP","RPf07",45.2876483129245
"RPf07_3","RP","RPf07",45.5138696074905
"RPf08_1","RP","RPf08",43.4187838722655
"RPf08_2","RP","RPf08",45.0080510698946
"RPf08_3","RP","RPf08",43.183578810607
"RPf09_1","RP","RPf09",44.4930534808175
"RPf09_2","RP","RPf09",45.136340622633
"RPf09_3","RP","RPf09",43.0243564577828
"RPf10_1","RP","RPf10",45.204665830392
"RPf10_2","RP","RPf10",44.9545702898391
"RPf10_3","RP","RPf10",44.16902806791
"RPf11_1","RP","RPf11",45.1751347655054
"RPf11_2","RP","RPf11",46.0804692832847
"RPf11_3","RP","RPf11",45.9290466384349
"RPf12_1","RP","RPf12",40.3010070115929
"RPf12_2","RP","RPf12",39.7993995856217
"RPf12_3","RP","RPf12",41.3875551121692
"RPf13_1","RP","RPf13",44.2709132880434
"RPf13_2","RP","RPf13",43.9048581008841
"RPf13_3","RP","RPf13",43.7955182724775
"RPf14_1","RP","RPf14",43.8524136754861
"RPf14_2","RP","RPf14",44.5772268058332
"RPf14_3","RP","RPf14",44.5756153876863
"RPf15_1","RP","RPf15",45.0898918101361
"RPf15_2","RP","RPf15",44.0170845364003
"RPf15_3","RP","RPf15",44.4024477047749
"RPf16_1","RP","RPf16",45.6963573124558
"RPf16_2","RP","RPf16",48.7116651990498
"RPf16_3","RP","RPf16",48.1608580634239
"RPf17_1","RP","RPf17",42.8294465993114
"RPf17_2","RP","RPf17",42.1490324721536
"RPf17_3","RP","RPf17",42.3442378723584
"RPf18_1","RP","RPf18",46.3996947573984
"RPf18_2","RP","RPf18",40.0210591715702
"RPf18_3","RP","RPf18",45.8332092003205
"RPf19_1","RP","RPf19",42.2955546902194
"RPf19_2","RP","RPf19",44.355203017242
"RPf19_3","RP","RPf19",42.8115607140963
"RPf20_1","RP","RPf20",52.0358354728999
"RPf20_2","RP","RPf20",52.6635565544971
"RPf20_3","RP","RPf20",51.8284532369552
"RPf21_1","RP","RPf21",48.999334584819
"RPf21_2","RP","RPf21",48.0028495661092
"RPf21_3","RP","RPf21",49.54761238292
"RPf22_1","RP","RPf22",47.2601257031592
"RPf22_2","RP","RPf22",46.9296870330401
"RPf22_3","RP","RPf22",47.3745210298337
"RPf23_1","RP","RPf23",47.465569419048
"RPf23_2","RP","RPf23",47.3045730549797
"RPf23_3","RP","RPf23",45.8647678531502
"RPf24_1","RP","RPf24",39.6625432890666
"RPf24_2","RP","RPf24",40.1647129937811
"RPf24_3","RP","RPf24",39.1900133884217
"RPf25_1","RP","RPf25",45.6184870776802
"RPf25_2","RP","RPf25",45.3745588198005
"RPf25_3","RP","RPf25",43.1791554585605
"RPf26_1","RP","RPf26",46.0601772618813
"RPf26_2","RP","RPf26",45.4336079843653
"RPf26_3","RP","RPf26",45.1358385021146
"RPf27_1","RP","RPf27",44.8488851479408
"RPf27_2","RP","RPf27",44.0608402244052
"RPf27_3","RP","RPf27",45.4382198385583
"RPf28_1","RP","RPf28",47.2099784351747
"RPf28_2","RP","RPf28",47.8354810880351
"RPf28_3","RP","RPf28",46.5296646490301
"RPf29_1","RP","RPf29",46.4157354829342
"RPf29_2","RP","RPf29",47.0382896876403
"RPf29_3","RP","RPf29",45.837771492474
"RPf30_1","RP","RPf30",43.8767316121524
"RPf30_2","RP","RPf30",45.5558978569835
"RPf30_3","RP","RPf30",44.4826132758107
"RSf01_1","RS","RSf01",37.017551402583
"RSf01_2","RS","RSf01",41.9630005073506
"RSf01_3","RS","RSf01",40.842280066741
"RSf02_1","RS","RSf02",44.1886603004157
"RSf02_2","RS","RSf02",37.8117118395091
"RSf02_3","RS","RSf02",38.69136066445
"RSf03_1","RS","RSf03",42.1168658381868
"RSf03_2","RS","RSf03",41.4267214342477
"RSf03_3","RS","RSf03",39.9133740120015
"RSf04_1","RS","RSf04",42.9621417500475
"RSf04_2","RS","RSf04",39.6489595995177
"RSf04_3","RS","RSf04",36.3396996908095
"RSf05_1","RS","RSf05",47.0986410966156
"RSf05_2","RS","RSf05",45.648443775426
"RSf05_3","RS","RSf05",48.0972729319733
"RSf06_1","RS","RSf06",48.1097552774382
"RSf06_2","RS","RSf06",47.7787888196546
"RSf06_3","RS","RSf06",46.8912725871993
"RSf07_1","RS","RSf07",43.9110758475838
"RSf07_2","RS","RSf07",44.1244482567937
"RSf07_3","RS","RSf07",42.1127246067027
"RSf08_1","RS","RSf08",43.9292440099946
"RSf08_2","RS","RSf08",43.2346836465552
"RSf08_3","RS","RSf08",45.4588209044159
"RSf09_1","RS","RSf09",39.7708277931965
"RSf09_2","RS","RSf09",41.1038993579839
"RSf09_3","RS","RSf09",36.8741200314574
"RSf10_1","RS","RSf10",36.394414307386
"RSf10_2","RS","RSf10",39.2979649954737
"RSf10_3","RS","RSf10",37.7807475173527
"RSf11_1","RS","RSf11",42.6657712951604
"RSf11_2","RS","RSf11",43.5385065553955
"RSf11_3","RS","RSf11",42.5542122961245
"RSf12_1","RS","RSf12",43.0671422898914
"RSf12_2","RS","RSf12",43.6597753623148
"RSf12_3","RS","RSf12",44.0439563605751
"RSf13_1","RS","RSf13",44.3489096547656
"RSf13_2","RS","RSf13",43.8218951318081
"RSf13_3","RS","RSf13",42.7296821142889
"RSf14_1","RS","RSf14",43.892277272221
"RSf14_2","RS","RSf14",44.3242867176292
"RSf14_3","RS","RSf14",45.8870358391295
"RSf15_1","RS","RSf15",44.1651468297774
"RSf15_2","RS","RSf15",45.9254647185745
"RSf15_3","RS","RSf15",43.6027623617852
"RSf16_1","RS","RSf16",44.7043338923898
"RSf16_2","RS","RSf16",44.6665514051647
"RSf16_3","RS","RSf16",42.7540024679389
"RSf17_1","RS","RSf17",48.502136073073
"RSf17_2","RS","RSf17",46.8507512451541
"RSf17_3","RS","RSf17",47.0296113916471
"RSf18_1","RS","RSf18",47.5140809907996
"RSf18_2","RS","RSf18",41.919209253241
"RSf18_3","RS","RSf18",42.3832964211194
"RSf19_1","RS","RSf19",46.2788714886989
"RSf19_2","RS","RSf19",44.4947470578095
"RSf19_3","RS","RSf19",40.6530476813232
"RSf20_1","RS","RSf20",39.9985936982156
"RSf20_2","RS","RSf20",40.135787017077
"RSf20_3","RS","RSf20",41.52828046671
"RSf21_1","RS","RSf21",44.2530279386763
"RSf21_2","RS","RSf21",45.3053199647954
"RSf21_3","RS","RSf21",44.2402590276502
"RSf22_1","RS","RSf22",44.7801250057987
"RSf22_2","RS","RSf22",46.1793843960253
"RSf22_3","RS","RSf22",47.5517654118541
"RSf23_1","RS","RSf23",42.8843972736134
"RSf23_2","RS","RSf23",42.0712581682966
"RSf23_3","RS","RSf23",42.5671727205352
"RSf24_1","RS","RSf24",45.1199840967001
"RSf24_2","RS","RSf24",42.0250733357668
"RSf24_3","RS","RSf24",39.9009485367252
"RSf25_1","RS","RSf25",39.0645327521096
"RSf25_2","RS","RSf25",36.5956101438894
"RSf25_3","RS","RSf25",43.8739467262733
"RSf26_1","RS","RSf26",44.1399532596679
"RSf26_2","RS","RSf26",39.1086462362348
"RSf26_3","RS","RSf26",41.9074076969972
"RSf27_1","RS","RSf27",41.9211343758569
"RSf27_2","RS","RSf27",40.9675976672032
"RSf27_3","RS","RSf27",38.7511933980613
"RSf28_1","RS","RSf28",40.8190960810978
"RSf28_2","RS","RSf28",40.4482858286742
"RSf28_3","RS","RSf28",39.8968443352749
"RSf29_1","RS","RSf29",42.3234380689506
"RSf29_2","RS","RSf29",42.2687722824889
"RSf29_3","RS","RSf29",39.8810940957272
"RSf30_1","RS","RSf30",43.598219268924
"RSf30_2","RS","RSf30",37.0851048406795
"RSf30_3","RS","RSf30",44.3991313481064
"TVf01_1","TV","TVf01",45.1577438289597
"TVf01_2","TV","TVf01",44.2841446407522
"TVf01_3","TV","TVf01",45.7523316096771
"TVf02_1","TV","TVf02",41.7386698560975
"TVf02_2","TV","TVf02",38.7317361377548
"TVf02_3","TV","TVf02",44.7338942152378
"TVf03_1","TV","TVf03",40.5383038932549
"TVf03_2","TV","TVf03",40.6123961585855
"TVf03_3","TV","TVf03",41.216110410496
"TVf04_1","TV","TVf04",41.8429142617153
"TVf04_2","TV","TVf04",42.8436774541403
"TVf04_3","TV","TVf04",38.4628469172668
"TVf05_1","TV","TVf05",43.3384314787248
"TVf05_2","TV","TVf05",45.1036238644491
"TVf05_3","TV","TVf05",42.9175185399026
"TVf06_1","TV","TVf06",41.1770940336549
"TVf06_2","TV","TVf06",36.2700131317291
"TVf06_3","TV","TVf06",39.0545213786799
"TVf07_1","TV","TVf07",40.5046524647909
"TVf07_2","TV","TVf07",46.3854775812511
"TVf07_3","TV","TVf07",45.4047882724357
"TVf08_1","TV","TVf08",42.1168497002319
"TVf08_2","TV","TVf08",42.0323398501688
"TVf08_3","TV","TVf08",42.0608399683626
"TVf09_1","TV","TVf09",39.674173534865
"TVf09_2","TV","TVf09",40.7983303117695
"TVf09_3","TV","TVf09",44.9485296046553
"TVf10_1","TV","TVf10",37.8376532903792
"TVf10_2","TV","TVf10",39.988054470598
"TVf10_3","TV","TVf10",42.0334193479662
"TVf11_1","TV","TVf11",39.2182791749392
"TVf11_2","TV","TVf11",43.4819779082629
"TVf11_3","TV","TVf11",45.9591478063451
"TVf12_1","TV","TVf12",43.2049958663755
"TVf12_2","TV","TVf12",41.6384173646394
"TVf12_3","TV","TVf12",43.0828788465215
"TVf13_1","TV","TVf13",40.495180733358
"TVf13_2","TV","TVf13",42.1791333014027
"TVf13_3","TV","TVf13",40.9782946053342
"TVf14_1","TV","TVf14",33.1951015005925
"TVf14_2","TV","TVf14",33.0506319478009
"TVf14_3","TV","TVf14",36.520242916486
"TVf15_1","TV","TVf15",41.1552519341612
"TVf15_2","TV","TVf15",35.8859460945566
"TVf15_3","TV","TVf15",39.9818258520946
"TVf16_1","TV","TVf16",40.9369130527745
"TVf16_2","TV","TVf16",35.9382197672189
"TVf16_3","TV","TVf16",40.4116810841543
"TVf17_1","TV","TVf17",43.2073792035958
"TVf17_2","TV","TVf17",45.0533325104566
"TVf17_3","TV","TVf17",41.6684034304298
"TVf18_1","TV","TVf18",39.5409403928977
"TVf18_2","TV","TVf18",43.4156670923876
"TVf18_3","TV","TVf18",45.5099705653104
"TVf19_1","TV","TVf19",41.3632030289723
"TVf19_2","TV","TVf19",41.2699226292135
"TVf19_3","TV","TVf19",44.5651558192492
"TVf20_1","TV","TVf20",43.5687123599125
"TVf20_2","TV","TVf20",41.0090997154773
"TVf20_3","TV","TVf20",45.591245510358
"TVf21_1","TV","TVf21",41.1644490942368
"TVf21_2","TV","TVf21",42.4090562893442
"TVf21_3","TV","TVf21",45.2360894521314
"TVf22_1","TV","TVf22",35.856235842494
"TVf22_2","TV","TVf22",32.6321284257504
"TVf22_3","TV","TVf22",38.7990700886835
"TVf23_1","TV","TVf23",38.3563090180257
"TVf23_2","TV","TVf23",40.7397141362648
"TVf23_3","TV","TVf23",39.9523100707733
"TVf24_1","TV","TVf24",41.344406108002
"TVf24_2","TV","TVf24",34.2752766866276
"TVf24_3","TV","TVf24",41.9342204060259
"TVf25_1","TV","TVf25",35.0588927105895
"TVf25_2","TV","TVf25",40.2969211378846
"TVf25_3","TV","TVf25",40.4739862028747
"TVf26_1","TV","TVf26",42.5809262654455
"TVf26_2","TV","TVf26",34.0573798879944
"TVf26_3","TV","TVf26",43.2822363718524
"TVf27_1","TV","TVf27",43.0776917347858
"TVf27_2","TV","TVf27",38.9423781613143
"TVf27_3","TV","TVf27",39.957868620042
"TVf28_1","TV","TVf28",42.2696393948691
"TVf28_2","TV","TVf28",42.9970262127722
"TVf28_3","TV","TVf28",43.513605394422
"TVf29_1","TV","TVf29",40.237237012631
"TVf29_2","TV","TVf29",43.3152187195889
"TVf29_3","TV","TVf29",40.0411957970133
"TVf30_1","TV","TVf30",45.8548625313332
"TVf30_2","TV","TVf30",44.128087186389
"TVf30_3","TV","TVf30",37.7550648238717
